DateCommande,NumCommande,Client,Catégorie,Quantité,Statut,FactureID,PDF_URL
01/05/2026,001-05-2026,Linah,42-46gr,48,Livré,F-20260504-110815,https://drive.google.com/file/d/1ZALPHbdPEf77_UCPc6iD-rvKHOOv_Ccn/view?usp=drivesdk
01/05/2026,002-05-2026,Mangarano,47-56gr,1000,Livré,F-20260506-050538,https://drive.google.com/file/d/1V3ZSrAy0h-K98_ogdFs49YV0KzzPEIfF/view?usp=drivesdk
01/05/2026,003-05-2026,Fasankarana,47-56gr,55,Livré,F-20260506-050759,https://drive.google.com/file/d/1uEsSZv-Wzp_nG8jJyvjEF3yNvvVH1K60/view?usp=drivesdk
01/05/2026,004-05-2026,Mr Mamy,57-60gr,1200,Livré,F-20260506-050939,https://drive.google.com/file/d/1-YK2BTb9M24yXL7KReCJRefIZjE5GZMM/view?usp=drivesdk
01/05/2026,006-05-2026,Valpinson,57-60gr,305,Livré,F-20260506-072351,https://drive.google.com/file/d/1go3eG4CQU_pG5H7HwcwTm30PPaAkNvdW/view?usp=drivesdk
01/05/2026,009-05-2026,CFC,61-63gr,1068,Livré,F-20260506-073336,https://drive.google.com/file/d/1zFQHzgxQy5EDc0YBbd58IBKMAQWc1jV5/view?usp=drivesdk
01/05/2026,010-05-2026,La Paillote,64-66gr,200,Livré,F-20260506-073500,https://drive.google.com/file/d/17h6a4oHm01z4ZCoeOVqjSrNt8Qb8WW1N/view?usp=drivesdk
01/05/2026,012-05-2026,Nambinina,64-66gr,393,Livré,F-20260506-073925,https://drive.google.com/file/d/1UUkmkyCEOotbUZ3mHFJ4scDACRQZKIvi/view?usp=drivesdk
01/05/2026,014-05-2026,Pompier,70-74gr,138,Livré,F-20260506-074049,https://drive.google.com/file/d/1Qp-ZvlZslOoPhHdBYiLZjORiOjCNmAe6/view?usp=drivesdk
01/05/2026,016-05-2026,Pompier,75gr +,21,Livré,F-20260506-074151,https://drive.google.com/file/d/1sBgP7rA0GT-n9yvXWJkK9oGqu395DgJn/view?usp=drivesdk
01/05/2026,019-05-2026,Chinoise,Casser,76,Livré,F-20260506-074308,https://drive.google.com/file/d/1DVyREE0rDXLbaksi9d1iaGPGnMsSant_/view?usp=drivesdk
02/05/2026,020-05-2026,Shaki,42-46gr,57,Livré,F-20260506-074819,https://drive.google.com/file/d/1Ntn5Uxpngp2yOlfruR8pitq0akHq8F0j/view?usp=drivesdk
02/05/2026,021-05-2026,Jirama,47-56gr,1013,Livré,F-20260506-075606,https://drive.google.com/file/d/1Zkigg1qxkstSHEiuH3nmiBW6L4OgT7vn/view?usp=drivesdk
02/05/2026,022-05-2026,Fenerive-Est,57-60gr,1447,Livré,F-20260506-075812,https://drive.google.com/file/d/1vZdQb8VSH9N-SRr1oBgv4plLWaUhuOtQ/view?usp=drivesdk
02/05/2026,024-05-2026,B5,61-63gr,1105,Livré,F-20260506-083746,https://drive.google.com/file/d/1TDB4_chWMhhJVvVcwX3oTeBAWbQpRELz/view?usp=drivesdk
02/05/2026,025-05-2026,Salazamay,64-66gr,677,Livré,F-20260506-085607,https://drive.google.com/file/d/1AJoop771fjvYlQV6TySMOLY_dIBdNRgL/view?usp=drivesdk
02/05/2026,027-05-2026,Major Shop,70-74gr,151,Livré,F-20260506-085740,https://drive.google.com/file/d/1utjRrikqFEbSfoR3kcydcSaWIJX1O4RH/view?usp=drivesdk
02/05/2026,028-05-2026,Major Shop,75gr +,21,Livré,F-20260506-085851,https://drive.google.com/file/d/1KuOUIkPAWIL2Zm3nzMgZoo8Hnx2otQwc/view?usp=drivesdk
02/05/2026,030-05-2026,Lasopy,Casser,44,Livré,F-20260506-090120,https://drive.google.com/file/d/1IY1JhcGRboanU_wqygLpo8sF1xU1H14n/view?usp=drivesdk
04/05/2026,034-05-2026,Zoky Jo,42-46gr,115,Livré,F-20260506-113821,https://drive.google.com/file/d/1hNF3JHCHxfTZCVUUWVtD3fI51VvmUCek/view?usp=drivesdk
04/05/2026,036-05-2026,Mangarano,47-56gr,1200,Livré,F-20260506-113927,https://drive.google.com/file/d/106kpwar0ZHHPtjtt5BRV2KpFsVUwYl6K/view?usp=drivesdk
04/05/2026,038-05-2026,Mangarano,57-60gr,1200,Livré,F-20260506-114011,https://drive.google.com/file/d/1LsLL1gHkw9LY5JJoUgXf-6pK9I40KEEX/view?usp=drivesdk
04/05/2026,039-05-2026,Bazary kely,57-60gr,1300,Livré,F-20260506-114845,https://drive.google.com/file/d/1ewKno1dwN3DH8qQeblpPph5cfVt0V4VN/view?usp=drivesdk
04/05/2026,040-05-2026,Tanambao V,61-63gr,1500,Livré,F-20260506-115010,https://drive.google.com/file/d/1hagOggXC6ciMFX7jbYwxCLsxPuJiFiwt/view?usp=drivesdk
04/05/2026,041-05-2026,Nambinina,64-66gr,800,Livré,F-20260506-115113,https://drive.google.com/file/d/1jACBCpCQHthnbYFe4zLCnoV4bFrURvTz/view?usp=drivesdk
04/05/2026,042-05-2026,Angéline,47-56gr,500,Livré,F-20260506-115619,https://drive.google.com/file/d/1dhI6nEBudVT2UCMvwlcOt-GWLUX5dKye/view?usp=drivesdk
04/05/2026,043-05-2026,Plaque relax,47-56gr,312,Livré,F-20260506-115736,https://drive.google.com/file/d/1hHS1vNAw0EaapAUEzMTGMxRS3_iVuhVG/view?usp=drivesdk
04/05/2026,044-05-2026,Nambinina,57-60gr,442,Livré,F-20260506-120202,https://drive.google.com/file/d/1hNFJWZzpbSdGLUrnYgTH4XzpxttUcULo/view?usp=drivesdk
04/05/2026,045-05-2026,B5,61-63gr,656,Livré,F-20260506-120308,https://drive.google.com/file/d/1BzUYMD_esJSVDhGjJAoPCrqbT7C3UT11/view?usp=drivesdk
04/05/2026,046-05-2026,Valpinson,64-66gr,612,Livré,F-20260506-121102,https://drive.google.com/file/d/1f-DfjH8s-vOSqQkYTpPGizna9Qt27JuL/view?usp=drivesdk
04/05/2026,049-05-2026,Bazary be,70-74gr,305,Livré,F-20260506-121218,https://drive.google.com/file/d/18D5vHFhnQpfXTjS_OzxSyOvM7NxRtuJt/view?usp=drivesdk
04/05/2026,050-05-2026,Bazary be,75gr +,55,Livré,F-20260506-121551,https://drive.google.com/file/d/11prcWqZEqqHoUMwsZk_YbidOzUvl2CbP/view?usp=drivesdk
04/05/2026,052-05-2026,Chinoise,Casser,108,Livré,F-20260506-130557,https://drive.google.com/file/d/1SkkIAzQt-wb1UfMEW0BgrpmK2XqTA6Jp/view?usp=drivesdk
05/05/2026,032-05-2026,Calypso,67-69gr,600,Livré,F-20260506-100211,https://drive.google.com/file/d/1TzitsDJ-Ppwg3wZjl_wr8GZYJ5Ch5flI/view?usp=drivesdk
05/05/2026,056-05-2026,La Paillote,64-66gr,400,Livré,F-20260507-042429,https://drive.google.com/file/d/1Fp2eWm3r88wpRC9KYNd9Rtk8yFg2fbk6/view?usp=drivesdk
05/05/2026,057-05-2026,Shaki,42-46gr,53,Livré,F-20260508-041612,https://drive.google.com/file/d/1WD0RW2fPql380efCEZLmYi8vkLE3tB6v/view?usp=drivesdk
05/05/2026,060-05-2026,Tanambao V,47-56gr,987,Livré,F-20260508-041803,https://drive.google.com/file/d/1rjJ8bLmYTKYsd9n0avtuZ9Pg3zepdNgl/view?usp=drivesdk
05/05/2026,061-05-2026,Mr Mamy,57-60gr,1559,Livré,F-20260508-041903,https://drive.google.com/file/d/135B5FQgi7jpkZXhjwzUPPM1y_6vXzLUH/view?usp=drivesdk
05/05/2026,062-05-2026,Brickaville,61-63gr,1019,Livré,F-20260508-042015,https://drive.google.com/file/d/1ut6cKjjP_pMzGEPz8kqrp_CXWAL41qr8/view?usp=drivesdk
05/05/2026,064-05-2026,Belle de jour,64-66gr,177,Livré,F-20260508-042113,https://drive.google.com/file/d/1lZzYNbWDQjYwAceu3Kxu3lzXDHeVZQNV/view?usp=drivesdk
05/05/2026,065-05-2026,Bazary be,70-74gr,138,Livré,F-20260508-042215,https://drive.google.com/file/d/1tDWewB4UPsK9GOwocGRrlzFU1ocM4dJc/view?usp=drivesdk
05/05/2026,066-05-2026,Bazary be,75gr +,23,Livré,F-20260508-042308,https://drive.google.com/file/d/1Sh4ig98n-NJz1R934BmW1TyrnSZ2BVq6/view?usp=drivesdk
05/05/2026,068-05-2026,Lasopy,Casser,42,Livré,F-20260508-042413,https://drive.google.com/file/d/1bvJKMmjGXvp-vTsY4uYGEqA08UY1nJLE/view?usp=drivesdk
06/05/2026,054-05-2026,MadaRest,64-66gr,125,Livré,F-20260506-131828,https://drive.google.com/file/d/1AFZ6jsPeBbdCyQ3-7Tp-ZMVrItClp9M_/view?usp=drivesdk
06/05/2026,070-05-2026,Linah,42-46gr,46,Livré,F-20260508-043016,https://drive.google.com/file/d/1Fz_utPqWhkK2D6E2jDwoNDVzEuQae5Fw/view?usp=drivesdk
06/05/2026,073-05-2026,Jirama,47-56gr,1005,Livré,F-20260508-043853,https://drive.google.com/file/d/1KVq4l0jbKn4FcOWitsCHFTonlwg3nSJO/view?usp=drivesdk
06/05/2026,074-05-2026,CFC,57-60gr,1509,Livré,F-20260508-044016,https://drive.google.com/file/d/1DS7Ziq1t7b8w7qFtMn_XPAmZYd9i0uEc/view?usp=drivesdk
06/05/2026,076-05-2026,Salazamay,61-63gr,1100,Livré,F-20260508-044232,https://drive.google.com/file/d/1l6Zck6eFIdhwCZOtl2mOpo-kl7oSjRWj/view?usp=drivesdk
06/05/2026,077-05-2026,Nambinina,64-66gr,685,Livré,F-20260508-044403,https://drive.google.com/file/d/1zirXD05Ocqo2r8CMr_uJmDyo1y-v8Pc2/view?usp=drivesdk
06/05/2026,078-05-2026,Major Shop,70-74gr,149,Livré,F-20260508-044537,https://drive.google.com/file/d/1-A44-CuErw_Vqf0H7d6AegaBaTsECY0Y/view?usp=drivesdk
06/05/2026,081-05-2026,Major Shop,75gr +,18,Livré,F-20260508-045412,https://drive.google.com/file/d/15gUBsktUEmGZFAFT1lL2NwUjtaM93P2_/view?usp=drivesdk
06/05/2026,082-05-2026,Chinoise,Casser,57,Livré,F-20260508-045555,https://drive.google.com/file/d/1Dpm_tx-NYvpEoYxK4Rm5W5YULvXHJpx2/view?usp=drivesdk
07/05/2026,083-05-2026,Fasankarana,42-46gr,30,Livré,F-20260508-050903,https://drive.google.com/file/d/1tATi6Rzff_3lQGhkueuJpcfc0VEoWWeZ/view?usp=drivesdk
07/05/2026,085-05-2026,B5,47-56gr,948,Livré,F-20260508-051106,https://drive.google.com/file/d/1io8ZqCZ02bQGaQndG8M0J_LSGgyPPGSR/view?usp=drivesdk
07/05/2026,087-05-2026,Bazary kely,57-60gr,1412,Livré,F-20260508-051211,https://drive.google.com/file/d/13PnEhOhOsvLOAkx38OU65EfBHgjNpq3L/view?usp=drivesdk
07/05/2026,095-05-2026,Ambohijafy,61-63gr,1139,Livré,F-20260508-051322,https://drive.google.com/file/d/1X5eDkgSxvefIao7KAx-xbkN3cPsnls4r/view?usp=drivesdk
07/05/2026,089-05-2026,Jirama,64-66gr,680,Livré,F-20260508-051430,https://drive.google.com/file/d/1rBtiGJLtNQviXy8ssojip4sTKRA2ojD-/view?usp=drivesdk
07/05/2026,091-05-2026,Pompier,70-74gr,151,Livré,F-20260508-051519,https://drive.google.com/file/d/1r8-w4QvkdybDCifHUXjCtG_rI-MbqKeP/view?usp=drivesdk
07/05/2026,092-05-2026,Pompier,75gr +,28,Livré,F-20260508-051604,https://drive.google.com/file/d/1_ETIZehfl3ZA0REWZ4b5jKzxqnbpfTOI/view?usp=drivesdk
07/05/2026,094-05-2026,Lasopy,Casser,51,Livré,F-20260508-051706,https://drive.google.com/file/d/1IlZ0DbpOpwjP8INQruvhi9NerB_XEARj/view?usp=drivesdk
08/05/2026,097-05-2026,Calypso,67-69gr,600,Livré,F-20260508-052612,https://drive.google.com/file/d/1ZPDdqb7Yv-CjnVzBbgZVmDWGR0jn4RjG/view?usp=drivesdk
08/05/2026,100-05-2026,Linah,42-46gr,62,Livré,F-20260509-055820,https://drive.google.com/file/d/1NBQZVHNBirjsP8AxWjqrAQsclNTKpRNY/view?usp=drivesdk
08/05/2026,102-05-2026,Jirama,47-56gr,880,Livré,F-20260509-060004,https://drive.google.com/file/d/1j2oR_pd8PTVc7OkOeLg-lcDXZW81Iwj0/view?usp=drivesdk
08/05/2026,104-05-2026,Sainte Marie,57-60gr,1278,Livré,F-20260509-060500,https://drive.google.com/file/d/1g3fMlLsI989WDGRaQILo0SnNbFzK9SO4/view?usp=drivesdk
08/05/2026,106-05-2026,Fenerive-Est,61-63gr,1336,Livré,F-20260509-061457,https://drive.google.com/file/d/1hZIpcnsnwoRD_USqnu7vr0bKZSJeRCLi/view?usp=drivesdk
08/05/2026,107-05-2026,Mr Rado,64-66gr,713,Livré,F-20260509-061551,https://drive.google.com/file/d/1O6hyzOeoc9fik9m3tdhFaMqnu90-Ms8x/view?usp=drivesdk
08/05/2026,109-05-2026,Bazary be,70-74gr,167,Livré,F-20260509-061653,https://drive.google.com/file/d/1L1KtU3bxMhWfPwWN8vZKhjpy3URg_fEf/view?usp=drivesdk
08/05/2026,110-05-2026,Bazary be,75gr +,28,Livré,F-20260509-061739,https://drive.google.com/file/d/1YDrASnwZAlPnftav0DXoR70WG957CvdF/view?usp=drivesdk
08/05/2026,112-05-2026,Chinoise,Casser,44,Livré,F-20260509-061821,https://drive.google.com/file/d/1vAeiVfnuLLTzvLrEoyVfjKQmYrwuV_D_/view?usp=drivesdk
09/05/2026,113-05-2026,Leader Price,57-60gr,840,Livré,F-20260509-062423,https://drive.google.com/file/d/1c1Q7-7aNKCY3IyqTXdumVBDW7xZ91ETo/view?usp=drivesdk
09/05/2026,114-05-2026,La braise,67-69gr,150,Livré,F-20260509-064616,https://drive.google.com/file/d/1FZpmJK36R6GQZ9zLgCw20duGEZcDo0--/view?usp=drivesdk
09/05/2026,116-05-2026,Linah,42-46gr,40,Livré,F-20260510-192545,https://drive.google.com/file/d/12prKm7_51PDpn5mwXTkRPmt1rT2feBrs/view?usp=drivesdk
09/05/2026,117-05-2026,Jirama,47-56gr,988,Livré,F-20260510-192658,https://drive.google.com/file/d/1SdSvMYSqUo4UgGyEx0sAYIay6ZfOUTad/view?usp=drivesdk
09/05/2026,118-05-2026,B5,57-60gr,693,Livré,F-20260510-192806,https://drive.google.com/file/d/1yEl2Jtg44ARekLYkdfPOaq5dDWbLfqQ3/view?usp=drivesdk
09/05/2026,120-05-2026,Mr Mamy,61-63gr,1065,Livré,F-20260510-193416,https://drive.google.com/file/d/1acdYY0_vGJvrvQeWHUwvFKrErgq_InS4/view?usp=drivesdk
09/05/2026,121-05-2026,Nambinina,64-66gr,695,Livré,F-20260510-193512,https://drive.google.com/file/d/1rzZvCwnvmxiKQZn7Tjd9KFsrfeslFDi6/view?usp=drivesdk
09/05/2026,122-05-2026,Naivo,67-69gr,800,Livré,F-20260510-193620,https://drive.google.com/file/d/1duaubZu9M1X4-VKP8JdYGoF2CzCGrPRq/view?usp=drivesdk
09/05/2026,125-05-2026,Pompier,70-74gr,189,Livré,F-20260510-193818,https://drive.google.com/file/d/1DPV50GbsI-vCC73aWIdSqxuQntJmbKm4/view?usp=drivesdk
09/05/2026,127-05-2026,Pompier,75gr +,20,Livré,F-20260510-193915,https://drive.google.com/file/d/1RLVC5Rav5XyMlFRIbsS7gToCj4linr_-/view?usp=drivesdk
09/05/2026,129-05-2026,Lasopy,Casser,41,Livré,F-20260510-194000,https://drive.google.com/file/d/19aQcLUENEhaKVKUsVwCqiwRGrH4lSLLC/view?usp=drivesdk
11/05/2026,132-05-2026,Fasankarana,42-46gr,89,Livré,F-20260512-081204,https://drive.google.com/file/d/17C1jZhpW6NfvKdMr9ynNa_i8wDCDhkfv/view?usp=drivesdk
11/05/2026,133-05-2026,Mangarano,47-56gr,1200,Livré,F-20260512-081345,https://drive.google.com/file/d/1AmnyqIR50ZWbtEW_WIAyu04wm8Fn_KS4/view?usp=drivesdk
11/05/2026,135-05-2026,Angéline,47-56gr,602,Livré,F-20260512-081604,https://drive.google.com/file/d/1yWOom4LoUzo3p1Gws2MmA7EqkD51bMtH/view?usp=drivesdk
11/05/2026,137-05-2026,Fenerive-Est,57-60gr,1300,Livré,F-20260512-081823,https://drive.google.com/file/d/1YScxNJiB5uV8brgRX1C8Q0pvLK9OdEAO/view?usp=drivesdk
11/05/2026,138-05-2026,CFC,57-60gr,1200,Livré,F-20260512-082003,https://drive.google.com/file/d/1B2ff1qCwq-eoFGwfS-jPKvM1zFWh3uJU/view?usp=drivesdk
11/05/2026,139-05-2026,Angéline,57-60gr,463,Livré,F-20260512-082234,https://drive.google.com/file/d/1Dd91lizOAm7SoGG34VjdDWT8VaDky4Yx/view?usp=drivesdk
11/05/2026,141-05-2026,Tanambao V,61-63gr,1400,Livré,F-20260512-082349,https://drive.google.com/file/d/1zhi6Ti4S61AOsu89MNr0btifyM6CErSx/view?usp=drivesdk
11/05/2026,143-05-2026,Nambinina,61-63gr,779,Livré,F-20260512-082528,https://drive.google.com/file/d/1pvS1YFU6JejKW0qK09ODGVhldwnU4XIE/view?usp=drivesdk
11/05/2026,144-05-2026,Jirama,64-66gr,800,Livré,F-20260512-082957,https://drive.google.com/file/d/1Vn6PQdCQgD2t0zgV8Z2fZmNMpDQe2o-D/view?usp=drivesdk
11/05/2026,146-05-2026,La Paillote,64-66gr,200,Livré,F-20260512-083046,https://drive.google.com/file/d/18SacaVHQVURFtdCDQupQE2U--zfcbzLG/view?usp=drivesdk
11/05/2026,148-05-2026,B5,64-66gr,467,Livré,F-20260512-083140,https://drive.google.com/file/d/1QReAXUWAWSllscZwnIO7jxD2ltUxxiIC/view?usp=drivesdk
11/05/2026,150-05-2026,Bazary be,70-74gr,351,Livré,F-20260512-111558,https://drive.google.com/file/d/1hBVDzhR8KHmyXoBmtczk8t5K3s5UA3rp/view?usp=drivesdk
11/05/2026,151-05-2026,Bazary be,75gr +,59,Livré,F-20260512-111807,https://drive.google.com/file/d/1fHrBMzdR2FUY_Upwx1Ox2V-ubIpiq7fK/view?usp=drivesdk
11/05/2026,153-05-2026,Chinoise,Casser,77,Livré,F-20260512-111920,https://drive.google.com/file/d/1goJ8_-2_fPQBMnMLnGHJOpJJLOATnyBE/view?usp=drivesdk
12/05/2026,154-05-2026,Linah,42-46gr,31,Livré,F-20260513-052714,https://drive.google.com/file/d/1iZgeo-97OztqIzJdH8iSGiFzgHp8GsoY/view?usp=drivesdk
12/05/2026,155-05-2026,Jirama,47-56gr,866,Livré,F-20260513-052807,https://drive.google.com/file/d/16k1qjjmoVGw0KANwZEuz4RNg5aA50_FE/view?usp=drivesdk
12/05/2026,156-05-2026,Poulet Gasy,57-60gr,600,Livré,F-20260513-052852,https://drive.google.com/file/d/1iRahZncT3U-3Et0W4nEnbzeyAOkCNEZH/view?usp=drivesdk
12/05/2026,157-05-2026,Ambolomadinika,57-60gr,800,Livré,F-20260513-053104,https://drive.google.com/file/d/1Ia8Bm5-6o3sQCrtZ8OSTwrgGdaVathlp/view?usp=drivesdk
12/05/2026,158-05-2026,Zoky Jo,57-60gr,78,Livré,F-20260513-053148,https://drive.google.com/file/d/1z3Krm4ci0_arhTzz8Pl_-BhpcgNOyJCe/view?usp=drivesdk
12/05/2026,159-05-2026,Salazamay,61-63gr,1104,Livré,F-20260513-053300,https://drive.google.com/file/d/1vSG_ARFHdYjt2XLhs2Lt1-Vob_MDRsIC/view?usp=drivesdk
12/05/2026,160-05-2026,Mr Rado,64-66gr,713,Livré,F-20260513-053356,https://drive.google.com/file/d/11RzU7qYBgo1sHPQVYdU2Ck_5klBxwP00/view?usp=drivesdk
12/05/2026,161-05-2026,Adan & Eve,67-69gr,30,Livré,F-20260513-053448,https://drive.google.com/file/d/1Z-HzVWwSLxZ58prRDpnyUKJ-t6zQF4ow/view?usp=drivesdk
12/05/2026,163-05-2026,EPP Tsiry,70-74gr,205,Livré,F-20260513-053519,https://drive.google.com/file/d/1IAhdKZlBPYQ0o-rypn26L-HayaXB2W2j/view?usp=drivesdk
12/05/2026,165-05-2026,EPP Tsiry,75gr +,24,Livré,F-20260513-053552,https://drive.google.com/file/d/1ey8azdMfVnKrBxobQ5GU8p0EtUIYlxF5/view?usp=drivesdk
12/05/2026,166-05-2026,Chinoise,Casser,51,Livré,F-20260513-053640,https://drive.google.com/file/d/1td_WqKvdFyLTa1nTWBTUfa8DtLzZgnYo/view?usp=drivesdk
13/05/2026,167-05-2026,Leader Price,57-60gr,960,Livré,F-20260513-054324,https://drive.google.com/file/d/1wnQbTGKk8qDK0qNb1Sk71fkoVLovgVh9/view?usp=drivesdk
13/05/2026,168-05-2026,Calypso,67-69gr,600,Livré,F-20260513-073837,https://drive.google.com/file/d/1bq0saHW9_EX3xwx-MzX6P79N-ar36kpb/view?usp=drivesdk
13/05/2026,170-05-2026,Linah,42-46gr,28,Livré,F-20260515-050504,https://drive.google.com/file/d/1PZV0FaXDfyhjtcyT_ig9n8dmLnrtxdsT/view?usp=drivesdk
13/05/2026,171-05-2026,Jirama,47-56gr,859,Livré,F-20260515-050600,https://drive.google.com/file/d/11YJdBPEk6mHQpaqo87BPB4VZsTZrXBdO/view?usp=drivesdk
13/05/2026,173-05-2026,Angéline,57-60gr,517,Livré,F-20260516-041939,https://drive.google.com/file/d/1e8dIGhPCgZNfKzxLZuZUYfyJkyD_7_29/view?usp=drivesdk
13/05/2026,174-05-2026,CFC,61-63gr,1113,Livré,F-20260516-042038,https://drive.google.com/file/d/1r7UfcjvfBM40ky3jZhFh8tvKysICBriF/view?usp=drivesdk
13/05/2026,176-05-2026,Mr Rado,64-66gr,720,Livré,F-20260516-042654,https://drive.google.com/file/d/1CvrvRw-R67vAp1LFlr9GmChZg2bBFdey/view?usp=drivesdk
13/05/2026,177-05-2026,Madsteel,67-69gr,1500,Livré,F-20260516-042753,https://drive.google.com/file/d/1xUF2ErLoccBL_4-hto_rZbMq7HKK0N9b/view?usp=drivesdk
13/05/2026,179-05-2026,Naivo,67-69gr,1000,Livré,F-20260516-042919,https://drive.google.com/file/d/1qNZKEDH6hnZwgIBKbRdyf1oS7WjfRaR6/view?usp=drivesdk
13/05/2026,180-05-2026,Pompier,70-74gr,201,Livré,F-20260516-043022,https://drive.google.com/file/d/1vqfKbgtdBBhSVXNcmhO98TrzPPNK8Qrb/view?usp=drivesdk
13/05/2026,183-05-2026,Pompier,75gr +,35,Livré,F-20260516-043113,https://drive.google.com/file/d/1aTy920Uh2avoMy35WNKrCgSlKui1bXE1/view?usp=drivesdk
13/05/2026,184-05-2026,Chinoise,Casser,50,Livré,F-20260516-043218,https://drive.google.com/file/d/1ZeKq5cFE7WZQ7YMqfEvYLUGcLxOUfQft/view?usp=drivesdk
14/05/2026,186-05-2026,Linah,42-46gr,46,Livré,F-20260516-044010,https://drive.google.com/file/d/1dFyJsFAapUnNCDqs2B9bcHWVsHSzgJd3/view?usp=drivesdk
14/05/2026,187-05-2026,B5,47-56gr,844,Livré,F-20260516-044055,https://drive.google.com/file/d/1Igt89uqNAmMTF_I3DsVxYzyZT9vbNwOj/view?usp=drivesdk
14/05/2026,188-05-2026,Mr Mamy,57-60gr,1494,Livré,F-20260516-044155,https://drive.google.com/file/d/1zKTorGNClAuKq6X-ZAZMTm_0T58xcM-X/view?usp=drivesdk
14/05/2026,189-05-2026,Bazary kely,61-63gr,1122,Livré,F-20260516-044339,https://drive.google.com/file/d/1yB6IJMNvEyTZ7PMkY3GeXfDWGSFZZD_N/view?usp=drivesdk
14/05/2026,190-05-2026,Mr Rado,64-66gr,566,Livré,F-20260516-044532,https://drive.google.com/file/d/1IiayLqEMd3gAR9qe5foRvPcezSKh2Suh/view?usp=drivesdk
14/05/2026,191-05-2026,La Paillote,64-66gr,200,Livré,F-20260516-044618,https://drive.google.com/file/d/1iRXQM7ABBvaHhugNJ3QQOZbKQo6zRXck/view?usp=drivesdk
14/05/2026,193-05-2026,Naivo,67-69gr,800,Livré,F-20260516-044733,https://drive.google.com/file/d/1yxnTZzFXbMSHVBzKw3Fby56t3XBA11PG/view?usp=drivesdk
14/05/2026,194-05-2026,Major Shop,70-74gr,203,Livré,F-20260516-044831,https://drive.google.com/file/d/1JNUM0J0pcbFEs7b8TWYhAyfIUmtZAvWT/view?usp=drivesdk
14/05/2026,195-05-2026,Major Shop,75gr +,26,Livré,F-20260516-044918,https://drive.google.com/file/d/1BcOclEsIq82Nus__GOpxGXvBEe7zFF4J/view?usp=drivesdk
14/05/2026,196-05-2026,Lasopy,Casser,34,Livré,F-20260516-045002,https://drive.google.com/file/d/1X6yicm_oTAuh5pv5cQxWUX5ex-NrGPIo/view?usp=drivesdk
15/05/2026,172-05-2026,Calypso,67-69gr,600,Livré,F-20260515-051447,https://drive.google.com/file/d/1Ll2m5JXpT36mk8TnS5VrXtuyBPfw-8zQ/view?usp=drivesdk
15/05/2026,198-05-2026,Poulet Gasy,47-56gr,810,Livré,F-20260516-045245,https://drive.google.com/file/d/18j9rwXUgu-Sl-1ydQqG42_RCXri0ViPg/view?usp=drivesdk
15/05/2026,201-05-2026,Fasankarana,42-46gr,29,Livré,F-20260516-045339,https://drive.google.com/file/d/1-5IG1Tdj0rXrXqJ0IKKo1ylXR8Ekwkrn/view?usp=drivesdk
15/05/2026,202-05-2026,Mangarano,57-60gr,1461,Livré,F-20260516-045424,https://drive.google.com/file/d/1du-l6vjGk167haHUg_mjMb38RgMKrtj9/view?usp=drivesdk
15/05/2026,203-05-2026,CFC,61-63gr,1094,Livré,F-20260516-045521,https://drive.google.com/file/d/1Vef3ni8Ui_F8NaLfK0irb_BPbhQSreE3/view?usp=drivesdk
15/05/2026,204-05-2026,Nambinina,64-66gr,756,Livré,F-20260516-045713,https://drive.google.com/file/d/1tGSKLNQXx6FQQboK39UUKQvU3NVd5se3/view?usp=drivesdk
15/05/2026,205-05-2026,EPP Tsiry,70-74gr,225,Livré,F-20260516-045813,https://drive.google.com/file/d/1ZP7Ysc_qvdEMaQ6CSgXi-iqUkZXwxy06/view?usp=drivesdk
15/05/2026,206-05-2026,EPP Tsiry,75gr +,34,Livré,F-20260516-045849,https://drive.google.com/file/d/1cp9g4gZbrEFuvTYtWk_FXa-9dudGVN6m/view?usp=drivesdk
15/05/2026,207-05-2026,Lasopy,Casser,28,Livré,F-20260516-045939,https://drive.google.com/file/d/1l9s1c5Sw-YGk4zzt4L_7ZdCzLPgkaA1v/view?usp=drivesdk
16/05/2026,208-05-2026,Linah,42-46gr,33,Livré,F-20260518-185445,https://drive.google.com/file/d/1PXxqO2qXymgL2pkGUEkZUQpCfLkwdyhL/view?usp=drivesdk
16/05/2026,209-05-2026,Jirama,47-56gr,849,Livré,F-20260518-185533,https://drive.google.com/file/d/1h8LaiPCzfHNbe918q4OWRhSDAAhRXhLt/view?usp=drivesdk
16/05/2026,210-05-2026,Fenerive-Est,57-60gr,1488,Livré,F-20260518-185617,https://drive.google.com/file/d/1S67Yn77MKbUOP8iB21uMr70Hc1zJ9Vw0/view?usp=drivesdk
16/05/2026,211-05-2026,CFC,61-63gr,1133,Livré,F-20260518-185715,https://drive.google.com/file/d/1OdYYtmSBsPtGqOIp73XK9IXvwQP5LIoP/view?usp=drivesdk
16/05/2026,213-05-2026,Mr Rado,64-66gr,758,Livré,F-20260518-185807,https://drive.google.com/file/d/1qIqAC0oRfnmWo27g0Uu3J13ELTL6drKd/view?usp=drivesdk
16/05/2026,215-05-2026,Salazamay,67-69gr,600,Livré,F-20260518-185902,https://drive.google.com/file/d/1NnGiBubcbCqXmJp5JHPt-jbyyB9Pb5QE/view?usp=drivesdk
16/05/2026,216-05-2026,Pompier,70-74gr,177,Livré,F-20260518-185957,https://drive.google.com/file/d/10zpYasg-8cAOJqScmTTWtZNaP3YXtw9y/view?usp=drivesdk
16/05/2026,218-05-2026,Pompier,75gr +,21,Livré,F-20260518-190101,https://drive.google.com/file/d/1R9xh28S831eg3M89i1LZsS3AqytiuAwO/view?usp=drivesdk
16/05/2026,220-05-2026,Chinoise,Casser,47,Livré,F-20260518-190146,https://drive.google.com/file/d/1Bjsb9gSRlUFn-aIVxL30EaJzrXSjfzWD/view?usp=drivesdk
18/05/2026,222-05-2026,Linah,42-46gr,52,Livré,F-20260518-193724,https://drive.google.com/file/d/18sZXpBMtWIfDwNICB1GWjTiLHVxLTiNY/view?usp=drivesdk
18/05/2026,224-05-2026,Mangarano,47-56gr,1613,Livré,F-20260518-193843,https://drive.google.com/file/d/1SPhcEXL1n9as3M6qJ5axR4F30cudmWYR/view?usp=drivesdk
18/05/2026,226-05-2026,Mr Mamy,57-60gr,1300,Livré,F-20260518-194004,https://drive.google.com/file/d/1ktkL-cexdxISZhWnNQiw4vvqig15E7Zb/view?usp=drivesdk
18/05/2026,227-05-2026,CFC,57-60gr,1615,Livré,F-20260518-194132,https://drive.google.com/file/d/1dcST28AM39sGqqd9tDhuaRx-tmFR_vxc/view?usp=drivesdk
18/05/2026,228-05-2026,Bazary kely,61-63gr,1200,Livré,F-20260518-194258,https://drive.google.com/file/d/1avyfP1ccSMh38lLELCQk3Q8lqZyF3Ih6/view?usp=drivesdk
18/05/2026,229-05-2026,B5,61-63gr,1125,Livré,F-20260518-194442,https://drive.google.com/file/d/1VPReXpB_0W0RYbEBfYFfJZx5opYEzRCX/view?usp=drivesdk
18/05/2026,231-05-2026,La Paillote,64-66gr,200,Livré,F-20260518-194628,https://drive.google.com/file/d/11HpHXdNsHQJSsb-jvOIyR8UeWMVfymuE/view?usp=drivesdk
18/05/2026,233-05-2026,Poulet Gasy,64-66gr,800,Livré,F-20260518-194738,https://drive.google.com/file/d/1lyovctXLvCV7lzCYZboSXRcSXeeKYtKT/view?usp=drivesdk
18/05/2026,234-05-2026,Nambinina,64-66gr,530,Livré,F-20260518-194834,https://drive.google.com/file/d/1yYsy2sxP7VKpyWaWAkUCISvK6zow-t-9/view?usp=drivesdk
18/05/2026,236-05-2026,Patisserie Monique,67-69gr,600,Livré,F-20260518-194926,https://drive.google.com/file/d/1HIyYHXGqVhUkbHv_p0janQi0X_gZLNmJ/view?usp=drivesdk
18/05/2026,237-05-2026,EPP Tsiry,70-74gr,200,Livré,F-20260518-195028,https://drive.google.com/file/d/1x_b6xUd_NLP5UgCZ7_bU08BYuwwVPiKP/view?usp=drivesdk
18/05/2026,238-05-2026,Major Shop,70-74gr,232,Livré,F-20260518-195147,https://drive.google.com/file/d/1orgoGYb7ZqQn0CjIJW4_RVfL5GOaV5W8/view?usp=drivesdk
18/05/2026,239-05-2026,Pompier,75gr +,68,Livré,F-20260518-195303,https://drive.google.com/file/d/1pQwizBzWgUKjA2-8ELJbMiUN855AkomX/view?usp=drivesdk
18/05/2026,240-05-2026,Chinoise,Casser,78,Livré,F-20260518-195352,https://drive.google.com/file/d/13_O4fDmHq05lK-0jd_p7jh5IrS3yKN6K/view?usp=drivesdk
19/05/2026,241-05-2026,Leader Price,57-60gr,600,Livré,F-20260519-081636,https://drive.google.com/file/d/1XdCy16HTbtsnZlJaWvkzX4zmXj3qERwW/view?usp=drivesdk
19/05/2026,242-05-2026,Linah,42-46gr,32,Livré,F-20260520-073029,https://drive.google.com/file/d/1ICR-b6DTeJGWWfjn-EhS-ArCezmuMf1x/view?usp=drivesdk
19/05/2026,243-05-2026,Jirama,47-56gr,814,Livré,F-20260520-073232,https://drive.google.com/file/d/1JsT01e2OClKe6JOSGZTdlnh0TgZqsAuf/view?usp=drivesdk
19/05/2026,244-05-2026,CFC,57-60gr,947,Livré,F-20260520-073406,https://drive.google.com/file/d/12X-btXa1FSERuz9wk5kDP1OsFkKrcM1S/view?usp=drivesdk
19/05/2026,246-05-2026,Sainte Marie,61-63gr,1167,Livré,F-20260520-073452,https://drive.google.com/file/d/1Qa9upF-ukrMkU0f2Ib5pgyFjN2TIZCIs/view?usp=drivesdk
19/05/2026,248-05-2026,Mr Rado,64-66gr,738,Livré,F-20260520-073616,https://drive.google.com/file/d/11uh5NS4M9onma3lYTbAD6KzD-ZZaObno/view?usp=drivesdk
19/05/2026,250-05-2026,Naivo,67-69gr,891,Livré,F-20260520-073758,https://drive.google.com/file/d/1zjJs9X5Xmi70EhruKrmorPgxykTkozb1/view?usp=drivesdk
19/05/2026,251-05-2026,EPP Tsiry,70-74gr,173,Livré,F-20260520-073905,https://drive.google.com/file/d/1xqxpE3iHfr2KeVdvy-sMmtkAVd0kw_9t/view?usp=drivesdk
19/05/2026,252-05-2026,EPP Tsiry,75gr +,28,Livré,F-20260520-074001,https://drive.google.com/file/d/1cwakrRAFdp0G7G3XFRvK4iN1OzM7Wsix/view?usp=drivesdk
19/05/2026,253-05-2026,Chinoise,Casser,49,Livré,F-20260520-074140,https://drive.google.com/file/d/1I2g0bH3eGNDmGYHEXOYbARjsegthF2aU/view?usp=drivesdk
20/05/2026,254-05-2026,Calypso,67-69gr,600,Livré,F-20260520-074746,https://drive.google.com/file/d/1tpyE-kbtM6J-eSRHJOKEhN7UtSQod_av/view?usp=drivesdk
20/05/2026,256-05-2026,Fasankarana,42-46gr,20,Livré,F-20260521-091234,https://drive.google.com/file/d/1_F7LW-MHx4hqkxmAqCZGL62uIo35I-VU/view?usp=drivesdk
20/05/2026,257-05-2026,B5,47-56gr,773,Livré,F-20260521-091714,https://drive.google.com/file/d/1dn09iCjy0htzR_fbqpQlL2nw6XK85RxE/view?usp=drivesdk
20/05/2026,260-05-2026,Mr Mamy,57-60gr,1418,Livré,F-20260521-091819,https://drive.google.com/file/d/1iL4V-tsvj_sx5FlmpfDmtvkk3HM_ESqi/view?usp=drivesdk
20/05/2026,261-05-2026,Poulet Gasy,61-63gr,600,Livré,F-20260521-091924,https://drive.google.com/file/d/1oO_I2rssABTIyWxMszOUW-ktywRNrx17/view?usp=drivesdk
20/05/2026,263-05-2026,Mr Rado,61-63gr,614,Livré,F-20260521-092025,https://drive.google.com/file/d/16Q_VUw_o7aIHp12dy2nA86i0V6Ap4X8a/view?usp=drivesdk
20/05/2026,265-05-2026,Salazamay,64-66gr,827,Livré,F-20260521-092552,https://drive.google.com/file/d/1R_tOeiD5qHicgziZHZOmCyaRzmvw3Zoa/view?usp=drivesdk
20/05/2026,266-05-2026,Pompier,70-74gr,194,Livré,F-20260521-092652,https://drive.google.com/file/d/1PmflBoEKnStZiLVm4uk9EOsJrAkG7W7x/view?usp=drivesdk
20/05/2026,267-05-2026,Pompier,75gr +,42,Livré,F-20260521-092739,https://drive.google.com/file/d/15NA47IzxOh0v8RYr0Oeyz3Sd4LQ5a1NK/view?usp=drivesdk
20/05/2026,268-05-2026,Lasopy,Casser,41,Livré,F-20260521-092824,https://drive.google.com/file/d/1HCEzv2zxFaSxruuNF4l61jUhRamDnfHP/view?usp=drivesdk
21/05/2026,270-05-2026,Linah,42-46gr,25,Livré,F-20260522-045247,https://drive.google.com/file/d/170KXnPZ1murcgBGasbaBamzn8F2E7ni5/view?usp=drivesdk
21/05/2026,272-05-2026,Mangarano,47-56gr,737,Livré,F-20260522-045411,https://drive.google.com/file/d/1tnbqTh5lBBBnwJ6Ko9alxIeEE1BB0y9W/view?usp=drivesdk
21/05/2026,273-05-2026,Mr Mamy,57-60gr,1450,Livré,F-20260522-045519,https://drive.google.com/file/d/10wMr9LgVJN01uyZTloW9NnKlZ1uQDW5z/view?usp=drivesdk
21/05/2026,274-05-2026,Hasina,61-63gr,1177,Livré,F-20260522-045613,https://drive.google.com/file/d/13YdE4PZAFo7ZdktI6py6EGR5jloWoKPy/view?usp=drivesdk
21/05/2026,276-05-2026,La Paillote,64-66gr,200,Livré,F-20260522-050030,https://drive.google.com/file/d/10z9cwGrzhIftPTY1opEQQA082sM7LKTC/view?usp=drivesdk
21/05/2026,278-05-2026,Patisserie Monique,64-66gr,635,Livré,F-20260522-050145,https://drive.google.com/file/d/1TbB7T6Shtw2g0uDEgPmrtjGpyd9fF0L7/view?usp=drivesdk
21/05/2026,279-05-2026,Naivo,67-69gr,300,Livré,F-20260522-050255,https://drive.google.com/file/d/1ErvJVJ8ii9Oq_K9aBJ0jKwO3SkPN-Pu7/view?usp=drivesdk
21/05/2026,280-05-2026,Major Shop,70-74gr,207,Livré,F-20260522-050350,https://drive.google.com/file/d/1eM-a_Cc-_5adiybEE0DT9FzwOR4-ZsBy/view?usp=drivesdk
21/05/2026,282-05-2026,Major Shop,75gr +,35,Livré,F-20260522-050425,https://drive.google.com/file/d/14gcez2zoPnPVGJUZ70wXQx7F8Tzw_Ktw/view?usp=drivesdk
21/05/2026,283-05-2026,Chinoise,Casser,33,Livré,F-20260522-050512,https://drive.google.com/file/d/1a7ceQ5b5RWcCfvMBPpbUfnnjXqaMVD5h/view?usp=drivesdk
22/05/2026,285-05-2026,Leader Price,57-60gr,720,Livré,F-20260522-051436,https://drive.google.com/file/d/1lMP3fuW70JW7gVFCqgpBlmDBiZ-ah2IC/view?usp=drivesdk
22/05/2026,287-05-2026,Linah,42-46gr,26,Livré,F-20260523-053748,https://drive.google.com/file/d/1xZtxUVH0EQKnzZxslawU7PWL0J-ASTIz/view?usp=drivesdk
22/05/2026,288-05-2026,Jirama,47-56gr,759,Livré,F-20260523-053836,https://drive.google.com/file/d/1EKt0h7z2TyAHUAinx5dCOCZe3ls4Kd7A/view?usp=drivesdk
22/05/2026,290-05-2026,Poulet Gasy,57-60gr,784,Livré,F-20260523-053935,https://drive.google.com/file/d/1QjnWIsCB-olIKIL1fqoAXjm_T8BCcIQA/view?usp=drivesdk
22/05/2026,291-05-2026,Fenerive-Est,61-63gr,1205,Livré,F-20260523-054020,https://drive.google.com/file/d/1UuN1axAFpfxRZpPJS1W31deTXnyAumNb/view?usp=drivesdk
22/05/2026,292-05-2026,Mr Rado,64-66gr,774,Livré,F-20260523-054128,https://drive.google.com/file/d/1rH2B5w-_3QAQt6jMiHPl_r-Ip-_C5zF_/view?usp=drivesdk
22/05/2026,294-05-2026,Bazary be,70-74gr,213,Livré,F-20260523-054532,https://drive.google.com/file/d/1JeCupD2A8RNB4hWBywbzSXZaRfzCpwuA/view?usp=drivesdk
22/05/2026,295-05-2026,Bazary be,75gr +,26,Livré,F-20260523-054619,https://drive.google.com/file/d/1Hge1cpHg2U2xbfFObO9VhgKZTfOMDB91/view?usp=drivesdk
22/05/2026,297-05-2026,Lasopy,Casser,37,Livré,F-20260523-054722,https://drive.google.com/file/d/1YbLSvwoIpMpX3voo5_Bj_SkJB_3lEvaW/view?usp=drivesdk
23/05/2026,300-05-2026,Calypso,67-69gr,600,Livré,F-20260523-054830,https://drive.google.com/file/d/1XpVQSdFR2vnsFT2RP_20Q6b5xiiS3N1w/view?usp=drivesdk
23/05/2026,301-05-2026,Mangarano,42-46gr,16,Livré,F-20260524-065300,https://drive.google.com/file/d/1Z95E0O4vP9-km5V3zJvFHq41G-Us2hzz/view?usp=drivesdk
23/05/2026,303-05-2026,Mangarano,47-56gr,691,Livré,F-20260524-065638,https://drive.google.com/file/d/1C0UN6dWrjX8o4HkrUbXJNpMBkbDKfzKO/view?usp=drivesdk
23/05/2026,304-05-2026,CFC,57-60gr,1411,Livré,F-20260524-065744,https://drive.google.com/file/d/1s-alty7PX0jee7sjkHiCgIsLYnKHhksM/view?usp=drivesdk
23/05/2026,306-05-2026,Bazary kely,61-63gr,1225,Livré,F-20260524-070055,https://drive.google.com/file/d/1AKf8yGRb4pwo74swIZ38YoVz-korBpir/view?usp=drivesdk
23/05/2026,307-05-2026,Mr Rado,64-66gr,865,Livré,F-20260524-070149,https://drive.google.com/file/d/1US33xgwTqDnNPSe3Y9KfkRGwWT97Xkdt/view?usp=drivesdk
23/05/2026,309-05-2026,Major Shop,70-74gr,239,Livré,F-20260524-070618,https://drive.google.com/file/d/1zoi1SA37rtNqM0_AvrKLrk4ff5SZoHBB/view?usp=drivesdk
23/05/2026,311-05-2026,Major Shop,75gr +,37,Livré,F-20260524-070736,https://drive.google.com/file/d/1RzaHBEpTFQ7vfPYwS1zsO-Qv6RI0fg7W/view?usp=drivesdk
23/05/2026,313-05-2026,Chinoise,Casser,43,Livré,F-20260524-071030,https://drive.google.com/file/d/1kznnwld22hiF6o_o7ZOhW4BUp24obZod/view?usp=drivesdk
24/05/2026,315-05-2026,Leader Price,57-60gr,1320,Livré,F-20260524-074045,https://drive.google.com/file/d/1afENL9uj1V0DhQOMTVAmilcqJt-djgCw/view?usp=drivesdk
24/05/2026,316-05-2026,Mangarano,42-46gr,19,Livré,F-20260526-045959,https://drive.google.com/file/d/1mhDXd655yE7VPKv29F4PCcNLrbwViUEM/view?usp=drivesdk
24/05/2026,317-05-2026,Mangarano,47-56gr,626,Livré,F-20260526-052602,https://drive.google.com/file/d/1J876MOVMqb7CcOdPyBMzmBmvGQCS6kPq/view?usp=drivesdk
24/05/2026,318-05-2026,Fasankarana,57-60gr,34,Livré,F-20260526-052933,https://drive.google.com/file/d/19w-eIrNby33L1-PLhew3xzpWbwqgKdJ-/view?usp=drivesdk
24/05/2026,319-05-2026,CFC,61-63gr,1214,Livré,F-20260526-053032,https://drive.google.com/file/d/17S6crDm5-g-K2Ra88id61auXjiY_EfDd/view?usp=drivesdk
24/05/2026,320-05-2026,Jirama,64-66gr,897,Livré,F-20260526-053834,https://drive.google.com/file/d/1tV4Kl31fZEFoq0k9powVoMEwL-Vzkl3-/view?usp=drivesdk
24/05/2026,322-05-2026,Pompier,70-74gr,274,Livré,F-20260526-053927,https://drive.google.com/file/d/1BQDgETnMzrLFOODgLujQhwwr_rfsbCsx/view?usp=drivesdk
24/05/2026,323-05-2026,Pompier,75gr +,50,Livré,F-20260526-054008,https://drive.google.com/file/d/1V1uqqWPlQ2bHTA_oPCOfitWhLIpCcpRN/view?usp=drivesdk
24/05/2026,325-05-2026,Chinoise,Casser,39,Livré,F-20260526-054101,https://drive.google.com/file/d/1LtjOiPF89tvLq4WDFs5KitS6dIT4xID9/view?usp=drivesdk
26/05/2026,327-05-2026,Calypso,67-69gr,600,Livré,F-20260526-054218,https://drive.google.com/file/d/1cAyXgxIBra61Uv7WW0r-2W39SbsUKTCW/view?usp=drivesdk
26/05/2026,330-05-2026,Fasankarana,42-46gr,114,Livré,F-20260527-053215,https://drive.google.com/file/d/1tCR2KQn1grExsYJUeBfY9RJ3djJOEAZG/view?usp=drivesdk
26/05/2026,331-05-2026,Mangarano,47-56gr,1351,Livré,F-20260527-054450,https://drive.google.com/file/d/1B5FtYWQxuh3c97tU-jDlcTv3UK1uioHM/view?usp=drivesdk
26/05/2026,333-05-2026,CFC,57-60gr,1800,Livré,F-20260527-061022,https://drive.google.com/file/d/1Zk8RUPI2TFVN_tmK2yl9acWJeU_7aWVz/view?usp=drivesdk
26/05/2026,335-05-2026,B5,57-60gr,1036,Livré,F-20260527-061121,https://drive.google.com/file/d/1j5_etGQp9KWGvk0q4zRZsoRusRKLytOY/view?usp=drivesdk
26/05/2026,336-05-2026,Jirama,61-63gr,900,Livré,F-20260527-061503,https://drive.google.com/file/d/1l30YMjDqI9wxrDcM8fr21i-oYBCSAde3/view?usp=drivesdk
26/05/2026,337-05-2026,Angéline,61-63gr,800,Livré,F-20260527-061618,https://drive.google.com/file/d/1o7kWG1zJgHGXpm7ONlLrwaEjfKpX4Xj0/view?usp=drivesdk
26/05/2026,340-05-2026,Zoky Jo,61-63gr,66,Livré,F-20260527-061713,https://drive.google.com/file/d/1xTdKKI883ZbmyU_igt3SRWFT0sHUC0TE/view?usp=drivesdk
26/05/2026,342-05-2026,Naivo,61-63gr,600,Livré,F-20260527-061845,https://drive.google.com/file/d/1UemVhG9ABBqt6U_t59Gx26tFxPo-2nzX/view?usp=drivesdk
26/05/2026,345-05-2026,Mr Mamy,64-66gr,1665,Livré,F-20260527-063116,https://drive.google.com/file/d/13MCAOpiR7XYqFfuq6Wy8UsLsYNVQGXej/view?usp=drivesdk
26/05/2026,346-05-2026,Major Shop,70-74gr,490,Livré,F-20260527-063307,https://drive.google.com/file/d/1yf19Aif_TrZE7K0AEsyzEnQtUhADujue/view?usp=drivesdk
26/05/2026,347-05-2026,EPP Tsiry,70-74gr,85,Livré,F-20260527-064048,https://drive.google.com/file/d/1G5ZKmWNXPzJTiE87OhSDAn9xMSZ5fuQr/view?usp=drivesdk
26/05/2026,348-05-2026,Bazary be,75gr +,85,Livré,F-20260527-064310,https://drive.google.com/file/d/1xEc94EG52u0GA9UEfV33sgWd03SOiOVL/view?usp=drivesdk
26/05/2026,349-05-2026,Chinoise,Casser,86,Livré,F-20260527-064520,https://drive.google.com/file/d/1gyPztEzbxbXzszRf79mlkzpY9xsbdZ_L/view?usp=drivesdk
27/05/2026,328-05-2026,MadaRest,64-66gr,100,Livré,F-20260527-050558,https://drive.google.com/file/d/1DzB7C6_ZEGQa9eVZw-92mqdmmaecxrpV/view?usp=drivesdk
27/05/2026,329-05-2026,Maesteva,67-69gr,300,Livré,F-20260527-051201,https://drive.google.com/file/d/1NhtBC45NsZiAEMbWASW0bRWiwVO3rMMa/view?usp=drivesdk
27/05/2026,350-05-2026,Linah,57-60gr,248,Livré,F-20260528-051314,https://drive.google.com/file/d/11vXyAJwmq6XEkFMJuD-xlRwcVMqDuTXq/view?usp=drivesdk
27/05/2026,351-05-2026,Brickaville,61-63gr,202,Livré,F-20260528-051441,https://drive.google.com/file/d/1SHqoretZ6hhUQanR2e5IfPT7qmLYH2dF/view?usp=drivesdk
27/05/2026,352-05-2026,Brickaville,64-66gr,347,Livré,F-20260528-051600,https://drive.google.com/file/d/1lbdfNsWYG5K_yBWyfxScHCbbj9cv3wgP/view?usp=drivesdk
27/05/2026,354-05-2026,CFC,67-69gr,1000,Livré,F-20260528-051651,https://drive.google.com/file/d/1HmbCjXnMkiiQBvl3k_mMByAv0ce8ps1R/view?usp=drivesdk
27/05/2026,356-05-2026,Pompier,70-74gr,54,Livré,F-20260528-052010,https://drive.google.com/file/d/1z0Abrx0vx-U3QuPXD_eq1zwzvQPXvRCj/view?usp=drivesdk
27/05/2026,357-05-2026,Pompier,75gr +,37,Livré,F-20260528-052106,https://drive.google.com/file/d/1amNro-8qoLz39aogt7GxE0qehqG3d9_9/view?usp=drivesdk
28/05/2026,358-05-2026,Linah,42-46gr,13,Livré,F-20260529-165905,https://drive.google.com/file/d/17iDbq8vbt0Y0khiEzofauDBy8q-0ppPd/view?usp=drivesdk
28/05/2026,359-05-2026,Linah,47-56gr,45,Livré,F-20260529-170027,https://drive.google.com/file/d/1QybkaZ9ta0ZCoC2PSRiSudu4sACa2irU/view?usp=drivesdk
28/05/2026,362-05-2026,B5,47-56gr,600,Livré,F-20260529-170159,https://drive.google.com/file/d/1vhP6Edyg31YFTc4XNRqqG0aXgQt0urpF/view?usp=drivesdk
28/05/2026,363-05-2026,Mr Mamy,57-60gr,1426,Livré,F-20260529-170649,https://drive.google.com/file/d/1Bw2-0ZmxNYpfDyiwEymRfkvRPoWP-qk4/view?usp=drivesdk
28/05/2026,365-05-2026,Jirama,61-63gr,600,Livré,F-20260529-170824,https://drive.google.com/file/d/1iwb4S9Y-V3kLJclreE9hAWGYawVuAvFP/view?usp=drivesdk
28/05/2026,367-05-2026,Salazamay,61-63gr,624,Livré,F-20260529-170939,https://drive.google.com/file/d/1uUM3P2FVwV581lI03zNDGoDq15_nkas1/view?usp=drivesdk
28/05/2026,369-05-2026,CFC,64-66gr,830,Livré,F-20260529-171321,https://drive.google.com/file/d/1aoEnrzB3WZvcz-sOFovyEniQVNVRZ3Jj/view?usp=drivesdk
28/05/2026,372-05-2026,EPP Tsiry,70-74gr,224,Livré,F-20260529-171424,https://drive.google.com/file/d/1sUXPP38CcX3Gtup4cdfhms75tyartn_D/view?usp=drivesdk
28/05/2026,374-05-2026,EPP Tsiry,75gr +,39,Livré,F-20260529-171517,https://drive.google.com/file/d/194skIFKd0q7Apb_8j2KdWVSU1L5IiiTA/view?usp=drivesdk
28/05/2026,375-05-2026,Chinoise,Casser,45,Livré,F-20260529-171626,https://drive.google.com/file/d/154TogV0vlUUpUOmHx9LF24_fnbOJ-c29/view?usp=drivesdk
29/05/2026,377-05-2026,Angéline,42-46gr,10,Livré,F-20260529-171933,https://drive.google.com/file/d/1jRO1UlNA6pvyIkLeVG_mRBiUp_9KxolK/view?usp=drivesdk
29/05/2026,379-05-2026,Soavita,47-56gr,40,Livré,F-20260529-172042,https://drive.google.com/file/d/1QaBhEVcFYIyqXO4j1ZGk7cEcdHic-HAh/view?usp=drivesdk
29/05/2026,381-05-2026,Ambohijafy,47-56gr,100,Livré,F-20260529-172225,https://drive.google.com/file/d/1FN9iHnQOjMRqSnHYqZF2Ku1FDd_bLavV/view?usp=drivesdk
29/05/2026,382-05-2026,Brickaville,47-56gr,541,Livré,F-20260529-172335,https://drive.google.com/file/d/1dQM1A8WKHCFuL2FK4PBVvOV8xjkOvDMr/view?usp=drivesdk
29/05/2026,383-05-2026,Fenerive-Est,57-60gr,1457,Livré,F-20260529-172453,https://drive.google.com/file/d/1kWAlJcHFE2pMzYTRALcFEEXsH9g_b7gb/view?usp=drivesdk
29/05/2026,385-05-2026,Mangarano,61-63gr,1253,Livré,F-20260529-172600,https://drive.google.com/file/d/1NvG5vgXAIxBkGAwwx3pfO3TGVtkFMiQn/view?usp=drivesdk
29/05/2026,388-05-2026,Mr Rado,64-66gr,806,Livré,F-20260529-173329,https://drive.google.com/file/d/19fFSjB0GbQn-5EntDnM4zdt4-HZb38Df/view?usp=drivesdk
29/05/2026,389-05-2026,Major Shop,70-74gr,201,Livré,F-20260529-173452,https://drive.google.com/file/d/1xTM2K36Z0RA5r_bcgCRZ4gU6-L3cW0l4/view?usp=drivesdk
29/05/2026,390-05-2026,Major Shop,75gr +,35,Livré,F-20260529-173549,https://drive.google.com/file/d/1_CiaLuugpke_D78rqeyY3WeW1rA3DQY_/view?usp=drivesdk
29/05/2026,392-05-2026,Lasopy,Casser,44,Livré,F-20260529-173819,https://drive.google.com/file/d/12oODs2A_bOmAXvjpycl2gg_JdKtcfPRr/view?usp=drivesdk
30/05/2026,394-05-2026,Calypso,67-69gr,600,Livré,F-20260529-174302,https://drive.google.com/file/d/1yjYw_rQlTu55_566804mvtSlIhJHOYJw/view?usp=drivesdk
30/05/2026,395-05-2026,Leader Price,57-60gr,960,Livré,F-20260529-174409,https://drive.google.com/file/d/1Tx8JyrAWST1-bfahNNDSbgvZYvdc8-5T/view?usp=drivesdk
30/05/2026,002-06-2026,Mangarano,42-46gr,13,Livré,F-20260601-133010,https://drive.google.com/file/d/1rLWDZ_JLr1cVmLH2AeFYaoC1A3G4mVdD/view?usp=drivesdk
30/05/2026,397-05-2026,Mangarano,47-56gr,720,Livré,F-20260601-133111,https://drive.google.com/file/d/1-9nIUFXf9GNfTJhW-IvLNYve_amVCnyC/view?usp=drivesdk
30/05/2026,398-05-2026,Nambinina,57-60gr,522,Livré,F-20260601-133218,https://drive.google.com/file/d/1fhLCvyo8VHyusVv3MCuYhNwPKindV_Z4/view?usp=drivesdk
30/05/2026,399-05-2026,CFC,61-63gr,1183,Livré,F-20260601-133325,https://drive.google.com/file/d/19PXW_WNTnTf3EAFgYphzD2asgRz-0QhW/view?usp=drivesdk
30/05/2026,401-05-2026,Mr Rado,64-66gr,834,Livré,F-20260601-133448,https://drive.google.com/file/d/1Rcq6v31mNiCl9_XE6Zm3XAJPvBoatp7u/view?usp=drivesdk
30/05/2026,402-05-2026,EPP Tsiry,70-74gr,228,Livré,F-20260601-133641,https://drive.google.com/file/d/1zOcLjMJOGF_i0lKECgC7CrwljdN_wEdG/view?usp=drivesdk
30/05/2026,403-05-2026,EPP Tsiry,75gr +,35,Livré,F-20260601-133734,https://drive.google.com/file/d/1abAHCXlZCEGMaH4-J2IyGPTKJvTb4kxM/view?usp=drivesdk
30/05/2026,405-05-2026,Chinoise,Casser,37,Livré,F-20260601-133954,https://drive.google.com/file/d/1NJ8suf9JZnIBbv6waw8Gq08xNb6aNURr/view?usp=drivesdk
01/06/2026,005-06-2026,ASGAR,42-46gr,33,Livré,F-20260601-135247,https://drive.google.com/file/d/1xSeYl034kUko_a4vWHL-3ItlQzd5CWi5/view?usp=drivesdk
01/06/2026,006-06-2026,CFC,47-56gr,1313,Livré,F-20260601-135358,https://drive.google.com/file/d/1ZsylC8tEt434d233QZEKC2mAethO4MxM/view?usp=drivesdk
01/06/2026,007-06-2026,Ralaimongo,57-60gr,120,Livré,F-20260601-135630,https://drive.google.com/file/d/19zj3t2ss4hfhjU1CDrVIXvcgLGCw7uMB/view?usp=drivesdk
01/06/2026,011-06-2026,Mr Mamy,57-60gr,1300,Livré,F-20260601-135827,https://drive.google.com/file/d/1teRHKvLtU9voeJ1z5HDTvinlc5ckkooM/view?usp=drivesdk
01/06/2026,012-06-2026,Hasina,57-60gr,1000,Livré,F-20260601-135953,https://drive.google.com/file/d/1gKUM3MYvelBbumWygfrMZQkMhhvPuerE/view?usp=drivesdk
01/06/2026,013-06-2026,Nambinina,57-60gr,359,Livré,F-20260601-140134,https://drive.google.com/file/d/1DOfSM_x5Zzo2LOUjCUT0H95ROIzxwiFO/view?usp=drivesdk
01/06/2026,014-06-2026,Jirama,61-63gr,1200,Livré,F-20260601-140437,https://drive.google.com/file/d/1ccqKDydFcGKh1Oq7YQ9AAnvfvXQGdUNn/view?usp=drivesdk
01/06/2026,016-06-2026,Rahery,61-63gr,1251,Livré,F-20260601-140557,https://drive.google.com/file/d/1NoapzA4DDRdepx8tm_dbxlEadkf6xU4R/view?usp=drivesdk
01/06/2026,017-06-2026,Fenerive-Est,64-66gr,1000,Livré,F-20260601-140713,https://drive.google.com/file/d/1Yw3q1dlKDcK5iN3anS6QB-xkOVC6L5fd/view?usp=drivesdk
01/06/2026,019-06-2026,Mr Rado,64-66gr,758,Livré,F-20260601-140834,https://drive.google.com/file/d/13gYWiUcG46sCXJFm7pww-o7fX0yWBXmS/view?usp=drivesdk
01/06/2026,021-06-2026,Patisserie Monique,67-69gr,600,Livré,F-20260601-140916,https://drive.google.com/file/d/1ZlehoY3Ll8MsPKbChPqhje7crpaS6bzW/view?usp=drivesdk
01/06/2026,022-06-2026,Major Shop,70-74gr,288,Livré,F-20260601-142728,https://drive.google.com/file/d/1olInQyZTwyyztmDmlvSb7M9m-nfiF6bG/view?usp=drivesdk
01/06/2026,023-06-2026,EPP Tsiry,70-74gr,200,Livré,F-20260601-142816,https://drive.google.com/file/d/1XZa6PDQRZW5puOUizz8wWUDYihtXm-Wm/view?usp=drivesdk
01/06/2026,025-06-2026,EPP Tsiry,75gr +,83,Livré,F-20260601-142908,https://drive.google.com/file/d/14zRHhxzdpbvYq0ts-f5Oa0yhfjc-jRQT/view?usp=drivesdk
01/06/2026,028-06-2026,Chinoise,Casser,97,Livré,F-20260601-143004,https://drive.google.com/file/d/1h_kr0cVGqIp8M7guor3y9YHhMdFLv7fa/view?usp=drivesdk
02/06/2026,030-06-2026,Calypso,67-69gr,600,Livré,F-20260602-143125,https://drive.google.com/file/d/18LVV4e8r8N-uhM7mAcwdi6XO1mSv4Y6d/view?usp=drivesdk
02/06/2026,032-06-2026,Linah,42-46gr,17,Livré,F-20260602-070726,https://drive.google.com/file/d/1zV2VgPbD_9FwFCEmjBl0O0zqH31pg4aA/view?usp=drivesdk
02/06/2026,033-06-2026,Linah,47-56gr,71,Livré,F-20260602-070803,https://drive.google.com/file/d/1Od8D8jUQ4DcDiKjZfdFzSXf16gKi2ZOA/view?usp=drivesdk
02/06/2026,035-06-2026,ABC,47-56gr,600,Livré,F-20260602-071022,https://drive.google.com/file/d/1afJ73KigGAQJd8lYBZttQlomFSC_KkOh/view?usp=drivesdk
02/06/2026,037-06-2026,Mr Mamy,57-60gr,1320,Livré,F-20260602-071103,https://drive.google.com/file/d/1RV6Iz4Erk8ETY-L-YDRI295DiT-N1SEs/view?usp=drivesdk
02/06/2026,039-06-2026,CFC,61-63gr,1174,Livré,F-20260602-071227,https://drive.google.com/file/d/1HMuCuHtcJR_L4AYE2tnAhF_ue-Rm4kSS/view?usp=drivesdk
02/06/2026,040-06-2026,Rahery,64-66gr,857,Livré,F-20260602-071339,https://drive.google.com/file/d/12UZVIgqvS7HKIgnRvGW3QotcYeBplksc/view?usp=drivesdk
02/06/2026,042-06-2026,Fabrice,64-66gr,30,Livré,F-20260602-071602,https://drive.google.com/file/d/1cjcsoBQuJRs775tFNROgAze15IPuz2yZ/view?usp=drivesdk
02/06/2026,043-06-2026,Major Shop,70-74gr,245,Livré,F-20260602-071719,https://drive.google.com/file/d/13NU8MDLYYyE_1Lwvp7h1zSrp5qdn34b3/view?usp=drivesdk
02/06/2026,045-06-2026,Major Shop,75gr +,59,Livré,F-20260602-071843,https://drive.google.com/file/d/1-rkLCQUPXQP7jwjDx2VjMCSQzdwj3vaY/view?usp=drivesdk
02/06/2026,046-06-2026,Lasopy,Casser,34,Livré,F-20260602-072631,https://drive.google.com/file/d/1_UkdGG_iidPC8Dfj0VZukkjDXampHTgR/view?usp=drivesdk
03/06/2026,047-06-2026,Fasankarana,42-46gr,13,Livré,F-20260603-072020,https://drive.google.com/file/d/1MBVKrPHJPlgVv_xVB5bCrb27wlqflczr/view?usp=drivesdk
03/06/2026,048-06-2026,Fasankarana,47-56gr,36,Livré,F-20260603-072138,https://drive.google.com/file/d/1w8EMf-t2SVf2N02wQyLiuZeOKCr6AglY/view?usp=drivesdk
03/06/2026,050-06-2026,Mangarano,47-56gr,600,Livré,F-20260603-072324,https://drive.google.com/file/d/182ZdkE3KLdtP7Dh1nprYVQx4pl9fWXCj/view?usp=drivesdk
03/06/2026,053-06-2026,Mr Mamy,57-60gr,1249,Livré,F-20260603-072437,https://drive.google.com/file/d/165ReRUcEgjl_wdxsjcHF7TKIQi4naz7e/view?usp=drivesdk
03/06/2026,054-06-2026,CFC,61-63gr,1206,Livré,F-20260603-072521,https://drive.google.com/file/d/1RjtqzQVsweVR1WTa_JTE_JBIo-tOO2-K/view?usp=drivesdk
03/06/2026,056-06-2026,Nambinina,64-66gr,924,Livré,F-20260603-072642,https://drive.google.com/file/d/1o03TUWdgQ_qiIHl5lo6M3khVHH7_oidZ/view?usp=drivesdk
03/06/2026,058-06-2026,Salazamay,67-69gr,600,Livré,F-20260603-072806,https://drive.google.com/file/d/1CvWV_ohrcHIw9TSf0AfipUEgfYi2oHN5/view?usp=drivesdk
03/06/2026,060-06-2026,Pompier,70-74gr,230,Livré,F-20260603-072943,https://drive.google.com/file/d/1c8VCEVgEn2vsiIcFrOizw2eoQaMBy90C/view?usp=drivesdk
03/06/2026,063-06-2026,Pompier,75gr +,42,Livré,F-20260603-073031,https://drive.google.com/file/d/1tRizjUOMYepkS1Wv9rgQBQD0gGhmunmr/view?usp=drivesdk
03/06/2026,065-06-2026,Lasopy,Casser,35,Livré,F-20260603-073109,https://drive.google.com/file/d/1A8RFzcVD0zws5bX_YDMd1YbrhSI_k2T8/view?usp=drivesdk
04/06/2026,068-06-2026,Angéline,42-46gr,17,Livré,F-20260604-051515,https://drive.google.com/file/d/1KqbbhykPc53DLPKSmiEj6cTzTlooCVWS/view?usp=drivesdk
04/06/2026,069-06-2026,Angéline,47-56gr,610,Livré,F-20260604-051609,https://drive.google.com/file/d/18pcK3xLFzXVKQm6K70QwyyzPCXYwqNNJ/view?usp=drivesdk
04/06/2026,072-06-2026,Damaskôsy,57-60gr,702,Livré,F-20260604-051733,https://drive.google.com/file/d/19w6ZWk32bmr6qOPKGjgheVm1q3TubdLS/view?usp=drivesdk
04/06/2026,074-06-2026,CFC,61-63gr,1148,Livré,F-20260604-053138,https://drive.google.com/file/d/1p8z8NADftp8uh04TYm3YeiUinERFVSz3/view?usp=drivesdk
04/06/2026,077-06-2026,Mr Rado,64-66gr,887,Livré,F-20260604-053341,https://drive.google.com/file/d/1X6TnbtdudNyMDIkxEvZs-628vnwchy0J/view?usp=drivesdk
04/06/2026,079-06-2026,Major Shop,70-74gr,254,Livré,F-20260604-053501,https://drive.google.com/file/d/1MeLZ9I1Lm5k20DfNgbAgo4Kp_cn500r5/view?usp=drivesdk
04/06/2026,081-06-2026,Major Shop,75gr +,44,Livré,F-20260604-053614,https://drive.google.com/file/d/1p30VB95hjnFSVIJERBii71OglSbrxYgp/view?usp=drivesdk
04/06/2026,082-06-2026,Chinoise,Casser,51,Livré,F-20260604-053703,https://drive.google.com/file/d/1UBGeehf-id-14fFSUilTChNczeTG2IZe/view?usp=drivesdk
05/06/2026,083-06-2026,Mangarano,42-46gr,11,Livré,F-20260605-054625,https://drive.google.com/file/d/1t8VBs6bXoiPlRlm9GCQfcAjkR3h6uB-7/view?usp=drivesdk
05/06/2026,084-06-2026,Mangarano,47-56gr,694,Livré,F-20260605-054837,https://drive.google.com/file/d/1Wt_9NI2CzjUktIgFiX-DveODbJP2UWX6/view?usp=drivesdk
05/06/2026,086-06-2026,Mr Mamy,57-60gr,1471,Livré,F-20260605-054922,https://drive.google.com/file/d/1SirdBAJHZB8fy3fLPgiLRkI28-eTBS2G/view?usp=drivesdk
05/06/2026,087-06-2026,Hasina,61-63gr,1000,Livré,F-20260605-055046,https://drive.google.com/file/d/1UVuD5xmu_1KU0KLBuX7W6Op7mGfrOHcR/view?usp=drivesdk
05/06/2026,090-06-2026,Relax,61-63gr,198,Livré,F-20260605-055147,https://drive.google.com/file/d/1VQraN_XDfOVhxrQQnICFiQoIIl7ThEzH/view?usp=drivesdk
05/06/2026,091-06-2026,Jirama,64-66gr,837,Livré,F-20260605-055303,https://drive.google.com/file/d/1toQdH3JAQcoXpW8phltO4MbyvRDRh_79/view?usp=drivesdk
05/06/2026,093-06-2026,EPP Tsiry,70-74gr,231,Livré,F-20260605-055429,https://drive.google.com/file/d/1A73z5_6U5t5e6Fj3uVvVilv23VRbnxgH/view?usp=drivesdk
05/06/2026,094-06-2026,EPP Tsiry,75gr +,40,Livré,F-20260605-055544,https://drive.google.com/file/d/19LhqkAMoAqQfC-SowTdtb2d5ORcbk8m8/view?usp=drivesdk
05/06/2026,096-06-2026,Lasopy,Casser,48,Livré,F-20260605-055632,https://drive.google.com/file/d/15ClHfQtdpnLYWATZVPMqhwlMWQAt1X2C/view?usp=drivesdk
06/06/2026,066-06-2026,Leader Price,57-60gr,600,Livré,F-20260606-055913,https://drive.google.com/file/d/1X-tn17r_3ZBGVM45YLMmJQ4P0ggBka5o/view?usp=drivesdk
06/06/2026,067-06-2026,Calypso,67-69gr,600,Livré,F-20260606-074212,https://drive.google.com/file/d/1eqhVoqA0O5qJvaTJ5aRBRuM9SMwGaUkk/view?usp=drivesdk
06/06/2026,098-06-2026,Nambinina,42-46gr,14,Livré,F-20260606-060109,https://drive.google.com/file/d/1UYmMkNDapEZNl5-CBHzaQ44aWUZzzja4/view?usp=drivesdk
06/06/2026,099-06-2026,Nambinina,47-56gr,734,Livré,F-20260606-060202,https://drive.google.com/file/d/17PC4tWO5jjxieRrnnLvzKxA8L3ZxH-t4/view?usp=drivesdk
06/06/2026,101-06-2026,Fenerive-Est,57-60gr,1300,Livré,F-20260606-060338,https://drive.google.com/file/d/1ZOEU5YVWpZxwo0FCPdXZg2YIKSFUZQ4U/view?usp=drivesdk
06/06/2026,103-06-2026,Angéline,57-60gr,225,Livré,F-20260606-060527,https://drive.google.com/file/d/1WnGfWLwukCdpxSL3lTHwnWSOUpVMADjm/view?usp=drivesdk
06/06/2026,106-06-2026,CFC,61-63gr,1236,Livré,F-20260606-060627,https://drive.google.com/file/d/1k3_KiMtbF6RtG5v0PggcP5UzM2-JzSBa/view?usp=drivesdk
06/06/2026,107-06-2026,La Paillote,64-66gr,787,Livré,F-20260606-060734,https://drive.google.com/file/d/15vgWivefc7rsN1fXTx1AaxHLAkMjoo26/view?usp=drivesdk
06/06/2026,110-06-2026,Pompier,70-74gr,226,Livré,F-20260606-060914,https://drive.google.com/file/d/1MU1q2IM_CapcHU-lJ7Y4GRNB9f7s3PXr/view?usp=drivesdk
06/06/2026,111-06-2026,Pompier,75gr +,31,Livré,F-20260606-061015,https://drive.google.com/file/d/16BzSOCkOuZFzx0f_HPh_vL2sipoaHZPA/view?usp=drivesdk
06/06/2026,112-06-2026,Chinoise,Casser,25,Livré,F-20260606-061120,https://drive.google.com/file/d/1c4H-3WArr4Uawe6hW9VYcmS0yc0sZf9p/view?usp=drivesdk
08/06/2026,114-06-2026,Linah,42-46gr,27,Livré,F-20260608-061533,https://drive.google.com/file/d/1ux1XvbzDcmzHyee6lP2jFmtUlegK79Hd/view?usp=drivesdk
08/06/2026,115-06-2026,Linah,47-56gr,45,Livré,F-20260608-061608,https://drive.google.com/file/d/11nObpN9Vp7JwMFNvAYZgloQgsF2Tmwkl/view?usp=drivesdk
08/06/2026,116-06-2026,Mr Mamy,47-56gr,1300,Livré,F-20260608-061700,https://drive.google.com/file/d/1FPVXSnw0goXwl3CZ5BwiHhExmkxDm9xR/view?usp=drivesdk
08/06/2026,117-06-2026,Mr Mamy,57-60gr,1300,Livré,F-20260608-061835,https://drive.google.com/file/d/1xVOXAjCQPimjjyDx5pCVhkaLii7h3hRY/view?usp=drivesdk
08/06/2026,118-06-2026,Jirama,57-60gr,700,Livré,F-20260608-061938,https://drive.google.com/file/d/1ZSZ4FBChO4FJS2ycVkNEQs71KgcWQavd/view?usp=drivesdk
08/06/2026,119-06-2026,Damaskôsy,57-60gr,812,Livré,F-20260608-062045,https://drive.google.com/file/d/1XqX5q2pZ_krZ6RvwGRU-NEn5z8Zz8Gtl/view?usp=drivesdk
08/06/2026,120-06-2026,CFC,61-63gr,1448,Livré,F-20260608-062623,https://drive.google.com/file/d/1Gg53s5ZZttyP--7ynQ8IDXSGkTn9NDZ6/view?usp=drivesdk
08/06/2026,121-06-2026,B5,61-63gr,1000,Livré,F-20260608-062918,https://drive.google.com/file/d/1z9UsnJthnC6WkUu2RpquYpWGYFnL2udI/view?usp=drivesdk
08/06/2026,122-06-2026,Mr Rado,64-66gr,736,Livré,F-20260608-063212,https://drive.google.com/file/d/1urUlaWD3XlMVIEpEK-CkHOVBo1N_qtIX/view?usp=drivesdk
08/06/2026,124-06-2026,Nambinina,64-66gr,1000,Livré,F-20260608-063418,https://drive.google.com/file/d/1o0dCkH8UGuhqPHNfhDVY5NI87lsXY30Y/view?usp=drivesdk
08/06/2026,126-06-2026,Naivo,67-69gr,1000,Livré,F-20260608-063703,https://drive.google.com/file/d/1ixgMVpBWa9EFBtGMn0Sk2XZHi08tsRJ9/view?usp=drivesdk
08/06/2026,127-06-2026,Salazamay,70-74gr,439,Livré,F-20260609-063925,https://drive.google.com/file/d/16V6N83JANIbvUW_u0qV4V5aU-UMNuFST/view?usp=drivesdk
08/06/2026,128-06-2026,EPP Tsiry,75gr +,75,Livré,F-20260609-064041,https://drive.google.com/file/d/1SyyYbCXjM1OJpgrLV8lyZOBjMGXC5ETD/view?usp=drivesdk
08/06/2026,131-06-2026,Chinoise,Casser,73,Livré,F-20260609-064137,https://drive.google.com/file/d/1pkYILFTRaayCGUywHvfQtcs80RYqqsvI/view?usp=drivesdk
09/06/2026,073-06-2026,Calypso,67-69gr,600,Livré,F-20260609-052043,https://drive.google.com/file/d/1r917dRDRx8UYww0WpdOAfDIRklh_0o2W/view?usp=drivesdk
09/06/2026,133-06-2026,Linah,42-46gr,9,Livré,F-20260609-064553,https://drive.google.com/file/d/1lim6AGiSGxdM6j-_cUc88OAbyGxz8Obo/view?usp=drivesdk
09/06/2026,135-06-2026,Linah,47-56gr,51,Livré,F-20260609-064641,https://drive.google.com/file/d/1KnWaTO6CL_XnodPZBEd45joXSehnRuw_/view?usp=drivesdk
09/06/2026,136-06-2026,Nambinina,47-56gr,637,Livré,F-20260609-064755,https://drive.google.com/file/d/11z9_QrTOFhyZABOf_4cgk-8gQycMabVk/view?usp=drivesdk
09/06/2026,139-06-2026,Jirama,57-60gr,300,Livré,F-20260609-064909,https://drive.google.com/file/d/1YWM_NWfIVtDHZYsdZTo7fTmhpUpbYs8W/view?usp=drivesdk
09/06/2026,140-06-2026,Mangarano,57-60gr,1119,Livré,F-20260609-064959,https://drive.google.com/file/d/1jYWF1AvqBf7yW9D9b-0qttUhWbnSOmA_/view?usp=drivesdk
09/06/2026,142-06-2026,CFC,61-63gr,1216,Livré,F-20260609-065242,https://drive.google.com/file/d/1PBD21ZqxQ-10MHcEa5pSD2QE-eVlcyxa/view?usp=drivesdk
09/06/2026,143-06-2026,Ambohijafy,64-66gr,874,Livré,F-20260609-065440,https://drive.google.com/file/d/1O1Zi3kiCfufvtJNW2cAwmfEltMiACqL3/view?usp=drivesdk
09/06/2026,144-06-2026,Naivo,67-69gr,700,Livré,F-20260609-065607,https://drive.google.com/file/d/1bV9JBQTPbaaawDgJ6bjYR00xZRizCiqT/view?usp=drivesdk
09/06/2026,145-06-2026,Major Shop,70-74gr,222,Livré,F-20260609-065741,https://drive.google.com/file/d/1XlS_Gn9jH7J8xvhFz0J1jsmp8W1pXZiY/view?usp=drivesdk
09/06/2026,146-06-2026,Major Shop,75gr +,29,Livré,F-20260609-065826,https://drive.google.com/file/d/1F9aXQcYmNfTsRfDWRaAt1HFTV5nWlV6s/view?usp=drivesdk
09/06/2026,147-06-2026,Lasopy,Casser,32,Livré,F-20260609-065936,https://drive.google.com/file/d/1DmIsSpiV4RKxo-ixgpTJm_i4HsyYQ1O6/view?usp=drivesdk
10/06/2026,149-06-2026,Linah,42-46gr,5,Livré,F-20260611-052808,https://drive.google.com/file/d/1sBq06WOAWcHbLdzzvcliCLDLOwz-giJA/view?usp=drivesdk
10/06/2026,150-06-2026,Linah,47-56gr,63,Livré,F-20260611-052843,https://drive.google.com/file/d/1_Kbdn5rVqdKW-8BeXmey2b7e6arPgd_1/view?usp=drivesdk
10/06/2026,152-06-2026,Jirama,47-56gr,600,Livré,F-20260611-052933,https://drive.google.com/file/d/1koDzWJudcDF5O10YW_kPSHwblJP4920L/view?usp=drivesdk
10/06/2026,154-06-2026,CFC,57-60gr,1403,Livré,F-20260611-053037,https://drive.google.com/file/d/1QG5BEshpX16JIfxlxEqflX_DSF2ifkek/view?usp=drivesdk
10/06/2026,155-06-2026,Mangarano,61-63gr,1253,Livré,F-20260611-053142,https://drive.google.com/file/d/1YK9fD9vmoXafF6CMxU11OYgaP_01nRiq/view?usp=drivesdk
10/06/2026,156-06-2026,Nambinina,64-66gr,830,Livré,F-20260611-053235,https://drive.google.com/file/d/1StVdb4frPyM200_s1fF0hb7EbH0HU0XF/view?usp=drivesdk
10/06/2026,157-06-2026,Naivo,67-69gr,442,Livré,F-20260611-053324,https://drive.google.com/file/d/1HaG__nVqhP1I2Iog5AKnTgyG5PQd7y8e/view?usp=drivesdk
10/06/2026,159-06-2026,EPP Tsiry,70-74gr,228,Livré,F-20260611-053425,https://drive.google.com/file/d/1-s1ZmvPwvYypxlI9pyIKGB_kB3mKnktE/view?usp=drivesdk
10/06/2026,161-06-2026,EPP Tsiry,75gr +,37,Livré,F-20260611-053504,https://drive.google.com/file/d/1HixLBsH2d9pSdTo2OuAW0GNVzIAXHPFJ/view?usp=drivesdk
10/06/2026,163-06-2026,Chinoise,Casser,38,Livré,F-20260611-053544,https://drive.google.com/file/d/19sVLKNaCXplp71qZTmHZ80kYsMEyn5Ra/view?usp=drivesdk
11/06/2026,164-06-2026,Leader Price,57-60gr,840,Livré,F-20260611-054027,https://drive.google.com/file/d/1eO3p3uR1Vu_BILRtTN10hTVOaf7nYpTB/view?usp=drivesdk
11/06/2026,165-06-2026,Linah,42-46gr,7,Livré,F-20260612-121256,https://drive.google.com/file/d/15K9f70L9csD4XIa_KW69ApzW8dyA-vtv/view?usp=drivesdk
11/06/2026,167-06-2026,Linah,47-56gr,23,Livré,F-20260612-121515,https://drive.google.com/file/d/1H_ZOwJrr2KlrFM9JvRcRDHeg7Hx1rpYC/view?usp=drivesdk
11/06/2026,169-06-2026,Wu shao Ying,47-56gr,600,Livré,F-20260612-121700,https://drive.google.com/file/d/1ExwqlDdP-d6I9I7BSpPTP3t6LSy-Z3ZE/view?usp=drivesdk
11/06/2026,170-06-2026,Jirama,57-60gr,537,Livré,F-20260612-125530,https://drive.google.com/file/d/1daMjcX1GMCClnlDxzR_wHm1ym0AGHP41/view?usp=drivesdk
11/06/2026,171-06-2026,CFC,61-63gr,1199,Livré,F-20260612-125759,https://drive.google.com/file/d/11WH2zpe2x_TNbOwSUm4SqYqEstAkkWoO/view?usp=drivesdk
11/06/2026,173-06-2026,Nambinina,64-66gr,869,Livré,F-20260612-125945,https://drive.google.com/file/d/1FnHuQnRokidKsEGC3tgTW4Z5G3DWK5L5/view?usp=drivesdk
11/06/2026,175-06-2026,Patisserie Monique,67-69gr,600,Livré,F-20260612-130102,https://drive.google.com/file/d/1x2UvM74SgTIxJ5Jq9QdNVzwWFWYugr2w/view?usp=drivesdk
11/06/2026,176-06-2026,EPP Tsiry,70-74gr,224,Livré,F-20260612-130256,https://drive.google.com/file/d/1HdRnT5jzX47jvLcj0MtYrTMgAyrKGwKF/view?usp=drivesdk
11/06/2026,179-06-2026,EPP Tsiry,75gr +,38,Livré,F-20260612-130405,https://drive.google.com/file/d/15akul_xxwKZMixQsGlczj4sQGDEpXXvs/view?usp=drivesdk
11/06/2026,180-06-2026,Chinoise,Casser,43,Livré,F-20260612-130515,https://drive.google.com/file/d/1LwpYcSAxzdshAoU1cQxxEgo2CQ3T3aDA/view?usp=drivesdk
12/06/2026,181-06-2026,Fasankarana,42-46gr,7,Livré,F-20260613-063608,https://drive.google.com/file/d/1iZl-5QLL8wroJmdSrUd8dFNoordqW9pu/view?usp=drivesdk
12/06/2026,182-06-2026,Fasankarana,47-56gr,34,Livré,F-20260613-063714,https://drive.google.com/file/d/1ZUpGU8AVjNdWUfQFyw3ygn-qSUhYR9ha/view?usp=drivesdk
12/06/2026,184-06-2026,Jirama,47-56gr,800,Livré,F-20260613-063802,https://drive.google.com/file/d/1To3wXAuSIOHjPDQwUwZuz4uaOVYdj3zU/view?usp=drivesdk
12/06/2026,185-06-2026,Mr Mamy,57-60gr,1480,Livré,F-20260613-063834,https://drive.google.com/file/d/1OcUh3s0Wr2ayHDolYZINcgLdSPifSZaV/view?usp=drivesdk
12/06/2026,187-06-2026,CFC,61-63gr,1137,Livré,F-20260613-063932,https://drive.google.com/file/d/1OD6EHypTl1LjSveh8UnD_Qh3At_m66o0/view?usp=drivesdk
12/06/2026,188-06-2026,La Paillote,64-66gr,200,Livré,F-20260613-064016,https://drive.google.com/file/d/1pveDX3qWWKvSMWJ3fMWMJki6wN2uvATl/view?usp=drivesdk
12/06/2026,190-06-2026,Nambinina,64-66gr,505,Livré,F-20260613-064115,https://drive.google.com/file/d/1hBPgMMiS2vainrV5zd0TrkwkpVf9NCh6/view?usp=drivesdk
12/06/2026,191-06-2026,Major Shop,70-74gr,185,Livré,F-20260613-064235,https://drive.google.com/file/d/12aigBijXIgDIG593HYu0NJrwHH6qy-F0/view?usp=drivesdk
12/06/2026,193-06-2026,Major Shop,75gr +,30,Livré,F-20260613-064342,https://drive.google.com/file/d/1ZDZiCLwAu5p3pzxa8azapgGZjVQQk4CU/view?usp=drivesdk
12/06/2026,194-06-2026,Lasopy,Casser,51,Livré,F-20260613-064507,https://drive.google.com/file/d/18UCi8sIwdyA_mv4FJ19QXfa-iIZDYzqy/view?usp=drivesdk
13/06/2026,196-06-2026,Masteva,67-69gr,800,Livré,F-20260613-065335,https://drive.google.com/file/d/1sv4XE7HNC7hB3B0aPT3-1L28ZKDbU6rl/view?usp=drivesdk
13/06/2026,197-06-2026,Calypso,67-69gr,600,Livré,F-20260613-095602,https://drive.google.com/file/d/1FeV_Re2AbW1inDCkDmGbPaGT2yMgIYw_/view?usp=drivesdk
13/06/2026,198-06-2026,Zoky Jo,42-46gr,13,Livré,F-20260613-175844,https://drive.google.com/file/d/1Hc2OSuOCJzm9rsSkWkQpOhNE0Ro7Iq8i/view?usp=drivesdk
13/06/2026,200-06-2026,Zoky Jo,47-56gr,114,Livré,F-20260613-180004,https://drive.google.com/file/d/1rVykUzQsLXS3FucSstazXYSPDfG0uShe/view?usp=drivesdk
13/06/2026,201-06-2026,Jirama,47-56gr,700,Livré,F-20260613-180050,https://drive.google.com/file/d/1a8-W6c5YRbtXQ_1TLjDkFSoM8HBUMzIA/view?usp=drivesdk
13/06/2026,203-06-2026,Mr Mamy,57-60gr,1300,Livré,F-20260613-180843,https://drive.google.com/file/d/1iz1wUYV3AFxgwWuDwj-D8gljCWys65pM/view?usp=drivesdk
13/06/2026,205-06-2026,Soavita,57-60gr,30,Livré,F-20260613-180937,https://drive.google.com/file/d/1ylNcJiOoYcYiwcAAkwhxbh7K78jrlvSD/view?usp=drivesdk
13/06/2026,206-06-2026,Nambinina,57-60gr,192,Livré,F-20260613-181052,https://drive.google.com/file/d/1FBRYzcx7wZGsBxjGEBm2KfHL8ucmJ2-H/view?usp=drivesdk
13/06/2026,207-06-2026,CFC,61-63gr,1107,Livré,F-20260613-181206,https://drive.google.com/file/d/1YzeCW3XdKNkOeEkgkSLWatQrEQUjom1M/view?usp=drivesdk
13/06/2026,208-06-2026,Naivo,64-66gr,500,Livré,F-20260613-181310,https://drive.google.com/file/d/1lrVx-bLYJlahQxt5vUJktGygWvwRosAu/view?usp=drivesdk
13/06/2026,210-06-2026,EPP Tsiry,70-74gr,181,Livré,F-20260613-181738,https://drive.google.com/file/d/11zKTCXECHST-Kit8tL8b40oT7g5cDD46/view?usp=drivesdk
13/06/2026,211-06-2026,EPP Tsiry,75gr +,40,Livré,F-20260613-181852,https://drive.google.com/file/d/1aq_M3KP7oqv1g2iYlcCWOIwmh5z_0OrR/view?usp=drivesdk
13/06/2026,212-06-2026,Chinoise,Casser,44,Livré,F-20260613-182006,https://drive.google.com/file/d/1gs8Ua4qL0iV4D2fS-8sQtkWQFag2dUs1/view?usp=drivesdk
15/06/2026,213-06-2026,Linah,42-46gr,17,Livré,F-20260616-052645,https://drive.google.com/file/d/1NinGX-NGgwI6BFBXmnPvU9d1whYro7yb/view?usp=drivesdk
15/06/2026,215-06-2026,Linah,47-56gr,12,Livré,F-20260616-052756,https://drive.google.com/file/d/194nK8EsOpt6WaP34nj-KYSRNGPDYvNm5/view?usp=drivesdk
15/06/2026,216-06-2026,Angéline,47-56gr,500,Livré,F-20260616-052838,https://drive.google.com/file/d/1_ghE72ik6MzGU5a11Z6Wk80zVv06FmS8/view?usp=drivesdk
15/06/2026,218-06-2026,Mangarano,47-56gr,1000,Livré,F-20260616-052954,https://drive.google.com/file/d/1RzhapfxP_gkiBeX2vBpr505iJB8fFiGP/view?usp=drivesdk
15/06/2026,219-06-2026,Brickaville,57-60gr,771,Livré,F-20260616-053043,https://drive.google.com/file/d/1dVbJTM5hapYx98PZ1-DhM9LljZVt5U-7/view?usp=drivesdk
15/06/2026,221-06-2026,Mr Mamy,57-60gr,1300,Livré,F-20260616-053123,https://drive.google.com/file/d/1-BlpdvlCfPsNyxySXXnb0LNQOIUb6gre/view?usp=drivesdk
15/06/2026,222-06-2026,Damaskôsy,57-60gr,700,Livré,F-20260616-053156,https://drive.google.com/file/d/1DlPLw_pKQSLT6s723c1GDS8vlpJq28Gi/view?usp=drivesdk
15/06/2026,223-06-2026,CFC,61-63gr,1308,Livré,F-20260616-053246,https://drive.google.com/file/d/1eGKiWtwCiIF4UMLcmILgrrVLj0pDQk6W/view?usp=drivesdk
15/06/2026,224-06-2026,Bazary Kely,61-63gr,1000,Livré,F-20260616-053415,https://drive.google.com/file/d/17misFwvY1lk_KmHrrqSF6rbjntgJcy8o/view?usp=drivesdk
15/06/2026,226-06-2026,Rahery,64-66gr,1200,Livré,F-20260616-053508,https://drive.google.com/file/d/17Z5nuBZLXFpVDTdDtFR9zBFqGOai3UNR/view?usp=drivesdk
15/06/2026,227-06-2026,Patisserie Monique,64-66gr,624,Livré,F-20260616-053550,https://drive.google.com/file/d/1DmywAsW6z8Em_TQaZ5fWgxSg9nW-C5FZ/view?usp=drivesdk
15/06/2026,229-06-2026,Naivo,70-74gr,200,Livré,F-20260616-053642,https://drive.google.com/file/d/17tL2T66eN-fg1Qr-9P7-xar-5lDdnkYg/view?usp=drivesdk
15/06/2026,230-06-2026,Major Shop,70-74gr,252,Livré,F-20260616-053715,https://drive.google.com/file/d/13ysU_wpu6AZNv-UMr3RI6kL6xgtw5iii/view?usp=drivesdk
15/06/2026,232-06-2026,EPP Tsiry,75gr +,77,Livré,F-20260616-053818,https://drive.google.com/file/d/1r4BsHHCPB93zd9VlkBZ1h6zf9gb3rWNi/view?usp=drivesdk
15/06/2026,233-06-2026,Chinoise,Casser,72,Livré,F-20260616-053911,https://drive.google.com/file/d/1NIdYdq_vYOInP7t_gwE7MlrNDFq0-PNQ/view?usp=drivesdk
15/06/2026,235-06-2026,Leader Price,57-60gr,840,Livré,F-20260616-054101,https://drive.google.com/file/d/1UPWeO6cuM8wR1kZwExJIXxUJkUNH9tGF/view?usp=drivesdk
16/06/2026,237-06-2026,Fasankarana,42-46gr,13,Livré,F-20260617-094412,https://drive.google.com/file/d/1ou1ggjXhbwwcIOMhbROnJgykuICySPyO/view?usp=drivesdk
16/06/2026,238-06-2026,Fasankarana,47-56gr,30,Livré,F-20260617-094512,https://drive.google.com/file/d/1o2UTh8EY_CpkOJ4lN0scl7izl6TK0bNe/view?usp=drivesdk
16/06/2026,239-06-2026,B5,47-56gr,674,Livré,F-20260617-094740,https://drive.google.com/file/d/1Enov4F1UbUhVL4-Z1kuDDi27hQebQXMJ/view?usp=drivesdk
16/06/2026,240-06-2026,Jirama,57-60gr,566,Livré,F-20260617-094849,https://drive.google.com/file/d/1BJURB7Vj9839B0AmS2EPuT0fc4SInyWk/view?usp=drivesdk
16/06/2026,242-06-2026,CFC,61-63gr,1178,Livré,F-20260617-094939,https://drive.google.com/file/d/1Vp2f_hxCZRaZTT58beSkWRzZ0gsXy8mr/view?usp=drivesdk
16/06/2026,243-06-2026,Salazamay,64-66gr,785,Livré,F-20260617-095030,https://drive.google.com/file/d/1SDXhKe8K1-WKdvNTlaYyZkAhEmutEEXK/view?usp=drivesdk
16/06/2026,244-06-2026,Naivo,67-69gr,589,Livré,F-20260617-095144,https://drive.google.com/file/d/1xhNL6zn5lVyAjs-WzC1wtbqzV68mqrU2/view?usp=drivesdk
16/06/2026,245-06-2026,Pompier,70-74gr,232,Livré,F-20260617-095257,https://drive.google.com/file/d/1nBSBfZZkQ5cfNnAlYwLHhixhSYvEfTiQ/view?usp=drivesdk
16/06/2026,247-06-2026,Pompier,75gr +,39,Livré,F-20260617-095443,https://drive.google.com/file/d/1OqavTD6GgiV2ZmyEfwI80TreCKszwJx_/view?usp=drivesdk
16/06/2026,249-06-2026,Lasopy,Casser,32,Livré,F-20260617-095522,https://drive.google.com/file/d/1l2nQ60ryB0iRoAjJU-or4x5vNu2c6dnj/view?usp=drivesdk
17/06/2026,251-06-2026,Linah,42-46gr,18,Livré,F-20260617-100140,https://drive.google.com/file/d/1Az1JANyOdCXGtLXn7bbUjPcG4YV0ExvD/view?usp=drivesdk
17/06/2026,253-06-2026,Linah,47-56gr,42,Livré,F-20260617-100234,https://drive.google.com/file/d/1am8eOKtsLCB51lVje0v99eKW5HCQ0Rrc/view?usp=drivesdk
17/06/2026,255-06-2026,Ambohijafy,47-56gr,30,Livré,F-20260617-100313,https://drive.google.com/file/d/1UNXYfXaZSbzX3ChBoU6ArlPU3tfnsHSW/view?usp=drivesdk
17/06/2026,256-06-2026,Mme Angela,47-56gr,613,Livré,F-20260618-081653,https://drive.google.com/file/d/1AJbWEqHPGLso2sfCQSZTm3YnBrjKDTiN/view?usp=drivesdk
17/06/2026,257-06-2026,Mr Mamy,57-60gr,1375,Livré,F-20260618-081753,https://drive.google.com/file/d/1q1PJJB-q7BpucaUMkPdhYUht9nP1DXVo/view?usp=drivesdk
17/06/2026,260-06-2026,CFC,61-63gr,1172,Livré,F-20260618-081853,https://drive.google.com/file/d/1ApM7ikmBkDQrWH1RkH3IcoliD2q_IOz2/view?usp=drivesdk
17/06/2026,261-06-2026,Damaskôsy,64-66gr,600,Livré,F-20260618-081953,https://drive.google.com/file/d/1cH0Jc1RjUQVMxseUkUrj_fWEY2G2x-T1/view?usp=drivesdk
17/06/2026,262-06-2026,Nambinina,64-66gr,245,Livré,F-20260618-082052,https://drive.google.com/file/d/1UprEtAGCRu6SuEHoKAHQRN3oWHcK3RXQ/view?usp=drivesdk
17/06/2026,264-06-2026,Naivo,67-69gr,352,Livré,F-20260618-082230,https://drive.google.com/file/d/12Fnx7rFKTqKGG58FzrdbDqvnzXxTueq4/view?usp=drivesdk
17/06/2026,265-06-2026,EPP Tsiry,70-74gr,254,Livré,F-20260618-082351,https://drive.google.com/file/d/1-j4aERiSSWuDsVaF3OcfbEv7Np9ra7sn/view?usp=drivesdk
17/06/2026,266-06-2026,EPP Tsiry,75gr +,35,Livré,F-20260618-082443,https://drive.google.com/file/d/1IpDpoM58g83LV4sK0kF3xGuYEaV5uTBb/view?usp=drivesdk
17/06/2026,268-06-2026,Chinoise,Casser,31,Livré,F-20260618-082503,https://drive.google.com/file/d/1pkPhT8XEqmjHS-uvk0QZ3uQ-oeVt5Sxm/view?usp=drivesdk
18/06/2026,271-06-2026,Fasankarana,42-46gr,15,Livré,F-20260618-184638,https://drive.google.com/file/d/1WgbKBWPdqDp115-eUx9DtGGB9f45L7pY/view?usp=drivesdk
18/06/2026,272-06-2026,Fasankarana,47-56gr,67,Livré,F-20260618-184811,https://drive.google.com/file/d/1CWZzfxTIwWm1YDwZwWfqLJXtUnnENJfr/view?usp=drivesdk
18/06/2026,273-06-2026,Nambinina,47-56gr,600,Livré,F-20260618-184945,https://drive.google.com/file/d/164QYO6SchNPDFNLZfK9TRSDj5yl5Cy8S/view?usp=drivesdk
18/06/2026,274-06-2026,CFC,57-60gr,1340,Livré,F-20260618-185724,https://drive.google.com/file/d/1RbbwFc3UUaPix95Lyxo3nH0-RmDCx-P0/view?usp=drivesdk
18/06/2026,275-06-2026,Rahery,61-63gr,1192,Livré,F-20260618-185919,https://drive.google.com/file/d/1X9iXICxwj956pfnwLExdM5ZkOXl-3BJ9/view?usp=drivesdk
18/06/2026,277-06-2026,Bemenaka,64-66gr,817,Livré,F-20260618-190057,https://drive.google.com/file/d/10bbJ4fHx1AE6Yh9mZ0lnWo0djlxIv0AM/view?usp=drivesdk
18/06/2026,278-06-2026,Naivo,67-69gr,500,Livré,F-20260618-190436,https://drive.google.com/file/d/1AWXIqfbkUCaEN08pxecnd5bKIKVUSGvP/view?usp=drivesdk
18/06/2026,279-06-2026,Pompier,70-74gr,143,Livré,F-20260618-190524,https://drive.google.com/file/d/1iTIP9az-yyVrnsaMqz9i4R-daiy-kfzJ/view?usp=drivesdk
18/06/2026,280-06-2026,EPP Tsiry,70-74gr,100,Livré,F-20260618-190644,https://drive.google.com/file/d/1VEAYln6vdPfF4Xh933G2xr_OmDyIlxQY/view?usp=drivesdk
18/06/2026,282-06-2026,EPP Tsiry,75gr +,40,Livré,F-20260618-190847,https://drive.google.com/file/d/1qYGmzGvTqmyj3BhgzumT982OCrfHehZs/view?usp=drivesdk
18/06/2026,283-06-2026,Chinoise,Casser,31,Livré,F-20260618-190940,https://drive.google.com/file/d/1ujcmVqsIokPqCTGgz5PuCoyHqz_I5Cqc/view?usp=drivesdk
19/06/2026,284-06-2026,Calypso,67-69gr,600,Livré,F-20260619-191019,https://drive.google.com/file/d/1_nn85zpQFl8uqLbyXgv811Lc9XcLg7Ho/view?usp=drivesdk
19/06/2026,286-06-2026,Fasankarana,42-46gr,7,Livré,F-20260620-131522,https://drive.google.com/file/d/1_d5NsHLAJFjqjDzyYwXOVBm7g0AN7JLq/view?usp=drivesdk
19/06/2026,287-06-2026,Fasankarana,47-56gr,67,Livré,F-20260620-131801,https://drive.google.com/file/d/1JvEONyDsJdIzTefJLdV4cQLy0ZhMr2AP/view?usp=drivesdk
19/06/2026,288-06-2026,Mangarano,47-56gr,600,Livré,F-20260620-131853,https://drive.google.com/file/d/1HYNKUHieqJIOAhxdMnkNyrQw5ng0EFwk/view?usp=drivesdk
19/06/2026,289-06-2026,Fenerive-Est,57-60gr,1321,Livré,F-20260620-131952,https://drive.google.com/file/d/1qW7O0KfbvSg86-zv6yowjThioQsduP66/view?usp=drivesdk
19/06/2026,291-06-2026,CFC,61-63gr,1161,Livré,F-20260620-132228,https://drive.google.com/file/d/1f8I53NKlgvC10PX1_bcTV8AnFutV1S2U/view?usp=drivesdk
19/06/2026,293-06-2026,Rahery,64-66gr,780,Livré,F-20260620-132329,https://drive.google.com/file/d/1sEtS7yRieEfy3GINnCbwi6EwU4H_Zm8w/view?usp=drivesdk
19/06/2026,295-06-2026,Major Shop,70-74gr,271,Livré,F-20260620-132523,https://drive.google.com/file/d/16Z6CzFdOK1OEHCMgU2sOc-gRe7lwQZJ8/view?usp=drivesdk
19/06/2026,297-06-2026,Major Shop,75gr +,40,Livré,F-20260620-132636,https://drive.google.com/file/d/1b6szpSuDPu0YiJpL436oi0rM77yRQrSo/view?usp=drivesdk
19/06/2026,298-06-2026,Lasopy,Casser,30,Livré,F-20260620-132734,https://drive.google.com/file/d/1xu50yH4ev9VRlW4ZqCz2HdJoDJ6dS6tZ/view?usp=drivesdk
20/06/2026,300-06-2026,Masteva,67-69gr,150,Livré,F-20260620-132906,https://drive.google.com/file/d/1HtGrN7lxRYbe5le01XK2ZyHJixQZ3TYE/view?usp=drivesdk
20/06/2026,301-06-2026,Fasankarana,42-46gr,13,Livré,F-20260622-095445,https://drive.google.com/file/d/1FmiXHrg0hZFgwugTjthxPwRa339Pnsv6/view?usp=drivesdk
20/06/2026,302-06-2026,Fasankarana,47-56gr,23,Livré,F-20260622-095807,https://drive.google.com/file/d/16oAcTeuo-nW89Abf9ihytS82kXEa_gKT/view?usp=drivesdk
20/06/2026,303-06-2026,Damaskôsy,47-56gr,700,Livré,F-20260622-095850,https://drive.google.com/file/d/1OPrF3cktZEAWJWg8JHXXNVWYYG-1j8JQ/view?usp=drivesdk
20/06/2026,304-06-2026,Mangarano,57-60gr,1210,Livré,F-20260622-100954,https://drive.google.com/file/d/1ErptqJUY8OZl1yQ3GWdHO4CKF7QIXa0d/view?usp=drivesdk
20/06/2026,306-06-2026,CFC,61-63gr,1200,Livré,F-20260622-101303,https://drive.google.com/file/d/1ApGxWyK0tIXOLYCVCtMaTWF-may3CKNz/view?usp=drivesdk
20/06/2026,308-06-2026,Patisserie Monique,64-66gr,634,Livré,F-20260622-101426,https://drive.google.com/file/d/1A3s103iLqUSng8EWNoFIYlFNTUphv5fw/view?usp=drivesdk
20/06/2026,309-06-2026,EPP Tsiry,70-74gr,243,Livré,F-20260622-101645,https://drive.google.com/file/d/1xTWPTepWorRrLflnjnQqMdOoGHa9yKBt/view?usp=drivesdk
20/06/2026,311-06-2026,EPP Tsiry,75gr +,42,Livré,F-20260622-102041,https://drive.google.com/file/d/1UruW8PXtiBpp41tiex3hwmjYdR2KVs4N/view?usp=drivesdk
20/06/2026,312-06-2026,Chinoise,Casser,41,Livré,F-20260622-102229,https://drive.google.com/file/d/1qkcayzgP38uMdNADXsVFkcrOFdn3fILw/view?usp=drivesdk
22/06/2026,313-06-2026,Leader Price,57-60gr,1260,Livré,F-20260622-103506,https://drive.google.com/file/d/1XQQlwj2AWApeI343hYZxCYNZ91xJ5pWP/view?usp=drivesdk
22/06/2026,314-06-2026,Angéline,42-46gr,14,Livré,F-20260622-104441,https://drive.google.com/file/d/1_-n-8QS-7IwYHLJneWXQ4FJ8WJlzR5jS/view?usp=drivesdk
22/06/2026,315-06-2026,Angéline,47-56gr,317,Livré,F-20260622-104633,https://drive.google.com/file/d/14CnF0fhQv3tNpv1CunNdNokHonfHt1y4/view?usp=drivesdk
22/06/2026,317-06-2026,B5,47-56gr,1000,Livré,F-20260622-105017,https://drive.google.com/file/d/136sV-P-mjLattHNr3iO_vldU7TSWOD8Q/view?usp=drivesdk
22/06/2026,318-06-2026,CFC,57-60gr,1334,Livré,F-20260622-105121,https://drive.google.com/file/d/1N2jFTJSMssuIxoBq6zSjA52w06Dmt5U5/view?usp=drivesdk
22/06/2026,320-06-2026,Nambinina,61-63gr,800,Livré,F-20260622-105345,https://drive.google.com/file/d/1bQu6peklN3JFBgEt0tnfTzJv6hbLqn6C/view?usp=drivesdk
22/06/2026,321-06-2026,Jirama,61-63gr,613,Livré,F-20260622-105443,https://drive.google.com/file/d/122nnfsZ_YWE7mFBjCXH_UOckmfDwgby2/view?usp=drivesdk
22/06/2026,323-06-2026,Bazary Kely,61-63gr,1000,Livré,F-20260622-105549,https://drive.google.com/file/d/1LfEsatdTj1kugylQWAmHMoRiW4eSE8sr/view?usp=drivesdk
22/06/2026,324-06-2026,Rahery,64-66gr,1200,Livré,F-20260622-105807,https://drive.google.com/file/d/1x8buC62Fg6_EDk-JtBOo6WQYtNNAWtAe/view?usp=drivesdk
22/06/2026,325-06-2026,Salazamay,64-66gr,680,Livré,F-20260622-110345,https://drive.google.com/file/d/1HdfU_sXypHfOce9SJGgyvuwpdDsyG-k7/view?usp=drivesdk
22/06/2026,326-06-2026,Naivo,67-69gr,651,Livré,F-20260622-110654,https://drive.google.com/file/d/1VzoocpmghQP_KQ_41njwChOzXguxC6gd/view?usp=drivesdk
22/06/2026,327-06-2026,Pompier,70-74gr,227,Livré,F-20260622-110807,https://drive.google.com/file/d/1bQDelVpfMpV-mFhZKm3QIeA2MIq8q0LB/view?usp=drivesdk
22/06/2026,328-06-2026,Major Shop,70-74gr,300,Livré,F-20260622-110852,https://drive.google.com/file/d/1SvjrScqeQvZyoJgBXDKhZHtV4nWKRZxA/view?usp=drivesdk
22/06/2026,329-06-2026,EPP Tsiry,75gr +,96,Livré,F-20260622-110950,https://drive.google.com/file/d/1pSvs9_r_jDOhxK_PZUciJrFWqG_DmcRV/view?usp=drivesdk
22/06/2026,330-06-2026,Lasopy,Casser,76,Livré,F-20260622-111252,https://drive.google.com/file/d/1puFbCUxvWZAQxwFloPoqbZsNOOQskPZl/view?usp=drivesdk
23/06/2026,332-06-2026,Fasankarana,42-46gr,13,Livré,F-20260623-105625,https://drive.google.com/file/d/13fsVwu7dH9huF_lk7-70BDSeRuUSVhlU/view?usp=drivesdk
23/06/2026,333-06-2026,Fasankarana,47-56gr,49,Livré,F-20260623-105737,https://drive.google.com/file/d/1ZNWYhF-PwyHEREzGrd4R30b4g-ptGeae/view?usp=drivesdk
23/06/2026,336-06-2026,Angéline,47-56gr,350,Livré,F-20260623-105838,https://drive.google.com/file/d/1mxoUJFhpjy_sQoi_MVxJq3IhZfLZvXtx/view?usp=drivesdk
23/06/2026,338-06-2026,Nambinina,57-60gr,500,Livré,F-20260623-110742,https://drive.google.com/file/d/1WnJtMX-AuF6TkfKcfvGzYitB_ba_vqiP/view?usp=drivesdk
23/06/2026,339-06-2026,Jirama,57-60gr,678,Livré,F-20260623-110828,https://drive.google.com/file/d/1gwD6b8yCjzhjw_TQ3Sc-AZcxjbaQCSME/view?usp=drivesdk
23/06/2026,341-06-2026,CFC,61-63gr,1239,Livré,F-20260623-110947,https://drive.google.com/file/d/1L8-tVuWDEnvwrwVJFnTTpJIh7MZ0kh-T/view?usp=drivesdk
23/06/2026,342-06-2026,Rahery,64-66gr,1049,Livré,F-20260623-111434,https://drive.google.com/file/d/1DCiEz8fLFnD3RU2mmq-zN-LY3IJ-VNwF/view?usp=drivesdk
23/06/2026,343-06-2026,Naivo,67-69gr,830,Livré,F-20260623-111549,https://drive.google.com/file/d/1spzdyT3Jlc9hrFsUbeoC4S6E2vlZUkaw/view?usp=drivesdk
23/06/2026,344-06-2026,Pompier,70-74gr,200,Livré,F-20260623-111936,https://drive.google.com/file/d/11NRcAzbX7uhpZym9-OPeGPvmFJov0K2Z/view?usp=drivesdk
23/06/2026,346-06-2026,EPP Tsiry,70-74gr,131,Livré,F-20260623-112053,https://drive.google.com/file/d/1Vm7iSyeI83pSWPLGuqrYMNg1EhRq0uB4/view?usp=drivesdk
23/06/2026,347-06-2026,EPP Tsiry,75gr +,76,Livré,F-20260623-112159,https://drive.google.com/file/d/12xrb09eGO9CPStEfolJkH_boxRYUlp4a/view?usp=drivesdk
23/06/2026,349-06-2026,Lasopy,Casser,31,Livré,F-20260623-112241,https://drive.google.com/file/d/11nceFUDbJ--pu1OJ998EgOPfKM1e20on/view?usp=drivesdk
24/06/2026,351-06-2026,Calypso,67-69gr,600,Livré,F-20260624-054856,https://drive.google.com/file/d/1eV8arej2YYDlVy8e6dlWV8HmbZlCL87l/view?usp=drivesdk
24/06/2026,353-06-2026,Linah,47-56gr,38,Livré,F-20260624-070846,https://drive.google.com/file/d/1DFFAQJRFe5MhiGHtJmqzOI2AakZuvBSh/view?usp=drivesdk
24/06/2026,354-06-2026,Leader Price,57-60gr,600,Livré,F-20260624-070953,https://drive.google.com/file/d/1sxYFVpGeBEjsz2LYVK3s81cjxLnFN7uI/view?usp=drivesdk
24/06/2026,356-06-2026,La Paillote,61-63gr,288,Livré,F-20260624-071211,https://drive.google.com/file/d/1lUfB5xG3W3h_bmM8gu01dSSEfJbKjqY3/view?usp=drivesdk
24/06/2026,358-06-2026,Salazamay,64-66gr,609,Livré,F-20260624-071325,https://drive.google.com/file/d/1qnrKE_AtykvXlSzpqEv6WP20gEgSkQ2g/view?usp=drivesdk
24/06/2026,359-06-2026,Pompier,70-74gr,241,Livré,F-20260624-071440,https://drive.google.com/file/d/1DS63zoht7G17hH-r5J7zlaiNhx6YbzDP/view?usp=drivesdk
24/06/2026,360-06-2026,EPP Tsiry,75gr +,65,Livré,F-20260624-072518,https://drive.google.com/file/d/1GBNl9gZ6EFGk3Zwa04lUOMnaBHoZsUSO/view?usp=drivesdk
24/06/2026,361-06-2026,Lasopy,Casser,12,Livré,F-20260624-072610,https://drive.google.com/file/d/1aTz4z2TZfcnN8DbGIRdcFsUozJUfdv4R/view?usp=drivesdk
24/06/2026,362-06-2026,Leader Price,57-60gr,600,Livré,F-20260624-094424,https://drive.google.com/file/d/18tQdc2l0YPNdFTKLZm_LC4bqW44ci-aE/view?usp=drivesdk
25/06/2026,363-06-2026,Linah,42-46gr,6,Livré,F-20260625-071942,https://drive.google.com/file/d/1zhkDAHs7xtZYBXQRUIdwlhjTZABZBVs7/view?usp=drivesdk
25/06/2026,364-06-2026,Linah,47-56gr,67,Livré,F-20260625-072052,https://drive.google.com/file/d/1HQ8bjAZDy6_noCD3bwfd6qwi4Fy3DiZg/view?usp=drivesdk
25/06/2026,365-06-2026,Angéline,47-56gr,330,Livré,F-20260625-072405,https://drive.google.com/file/d/1Ym7eDp-a1RjBQlbBpQpsV-z9QEmrcmtr/view?usp=drivesdk
25/06/2026,366-06-2026,Mangarano,57-60gr,646,Livré,F-20260625-072610,https://drive.google.com/file/d/1SmwuHmGdJLkthT6Ccim7Wk6CNN_9HdfE/view?usp=drivesdk
25/06/2026,367-06-2026,CFC,61-63gr,1170,Livré,F-20260625-072835,https://drive.google.com/file/d/1ks5eoLCFbDyX2ZoKriDB46-SMXXWQYUt/view?usp=drivesdk
25/06/2026,368-06-2026,La Paillote,64-66gr,300,Livré,F-20260625-072927,https://drive.google.com/file/d/1ssL3yeXRh-i1BA31ZzD4PWhCXhxAq0gF/view?usp=drivesdk
25/06/2026,370-06-2026,Rahery,64-66gr,740,Livré,F-20260625-073142,https://drive.google.com/file/d/1ig4-mEYJslrYdnnrcJyWMYUdbCJMNAEl/view?usp=drivesdk
25/06/2026,371-06-2026,Naivo,67-69gr,887,Livré,F-20260625-073317,https://drive.google.com/file/d/1P6ju7ULj14LMFzQRHLubkS09NaKlRefq/view?usp=drivesdk
25/06/2026,372-06-2026,ABC,70-74gr,60,Livré,F-20260625-073517,https://drive.google.com/file/d/11DD0u3IBH3jnLp7fB7sjjGQhKD-EC25f/view?usp=drivesdk
25/06/2026,374-06-2026,Pompier,70-74gr,200,Livré,F-20260625-073641,https://drive.google.com/file/d/1pBtSd2MEnkhraOPWlInSDHZYB8yWHd2D/view?usp=drivesdk
25/06/2026,375-06-2026,EPP Tsiry,70-74gr,124,Livré,F-20260625-074000,https://drive.google.com/file/d/1NkXq3mEmHhax__oaJi7bbhit8RMvfVvG/view?usp=drivesdk
25/06/2026,378-06-2026,EPP Tsiry,75gr +,56,Livré,F-20260625-074449,https://drive.google.com/file/d/17uDSoLcUa0WGYefa91xnZBDMnq_DDZG5/view?usp=drivesdk
25/06/2026,379-06-2026,Lasopy,Casser,29,Livré,F-20260625-074536,https://drive.google.com/file/d/1fVwN0I7aQ8DRGi6GAnIL-J6S06dDEVE2/view?usp=drivesdk
26/06/2026,380-06-2026,Angéline,47-56gr,376,Livré,F-20260626-175405,https://drive.google.com/file/d/1R-GyeCd4gKqbv-x3LY6tlYDSEQEaYFjK/view?usp=drivesdk
26/06/2026,381-06-2026,Mangarano,57-60gr,1160,Livré,F-20260626-175537,https://drive.google.com/file/d/19SK-_c1SiBCbpmnK4WotcceP8rUyQrep/view?usp=drivesdk
26/06/2026,382-06-2026,CFC,61-63gr,1249,Livré,F-20260626-175826,https://drive.google.com/file/d/1jl0bv6cxiYmwmRySsgTPEUDpg-28R5nd/view?usp=drivesdk
26/06/2026,383-06-2026,Rahery,64-66gr,1038,Livré,F-20260626-180105,https://drive.google.com/file/d/1e2YxCQOIsermo0RF7AoSfystwG9BT9cs/view?usp=drivesdk
26/06/2026,385-06-2026,Naivo,67-69gr,649,Livré,F-20260626-180206,https://drive.google.com/file/d/1ZPsuo90xg2DYullNtwxSSmzebizpI3wW/view?usp=drivesdk
26/06/2026,387-06-2026,Soavita,70-74gr,30,Livré,F-20260626-180403,https://drive.google.com/file/d/1T__lD0YmYNCHR18UTqYW9Pva8bPR8ewl/view?usp=drivesdk
26/06/2026,388-06-2026,Major Shop,70-74gr,341,Livré,F-20260626-180557,https://drive.google.com/file/d/1RGecezmRivoiIWfArtbspUk69_duLzsA/view?usp=drivesdk
26/06/2026,389-06-2026,Major Shop,75gr +,62,Livré,F-20260626-180659,https://drive.google.com/file/d/1VqRGm8gf6VDiqOEKAFdDYTOoAZ_W4N54/view?usp=drivesdk
26/06/2026,390-06-2026,Lasopy,Casser,49,Livré,F-20260626-180802,https://drive.google.com/file/d/1LRR_96TJcowYVwwzna1CaSf3y5iAAC22/view?usp=drivesdk
27/06/2026,391-06-2026,Calypso,67-69gr,600,Livré,F-20260627-104157,https://drive.google.com/file/d/1YfxtxIKKGnKIkmwFYt2kg9_LUGpS8SpS/view?usp=drivesdk
27/06/2026,392-06-2026,Linah,42-46gr,7,Livré,F-20260629-182520,https://drive.google.com/file/d/1lSkD7Qn8dmVZUgYnRfMeg8qpZG3wBcmJ/view?usp=drivesdk
27/06/2026,394-06-2026,Linah,47-56gr,56,Livré,F-20260629-182734,https://drive.google.com/file/d/1YPoua3nWhctbT5_vRpYL1v684SbmV8CN/view?usp=drivesdk
27/06/2026,395-06-2026,Relax,47-56gr,303,Livré,F-20260629-183110,https://drive.google.com/file/d/156NIcYtW0-PmxWSAA6Ge9DyBZGO3IV66/view?usp=drivesdk
27/06/2026,396-06-2026,Mangarano,57-60gr,1112,Livré,F-20260629-183202,https://drive.google.com/file/d/1b37OKAq7QXUoRIif9WCE_t7UXD7R7CDa/view?usp=drivesdk
27/06/2026,397-06-2026,CFC,61-63gr,1196,Livré,F-20260629-183259,https://drive.google.com/file/d/1KNRslB7CtI5cFd7Gtv6OhCv3RE1E-SeV/view?usp=drivesdk
27/06/2026,398-06-2026,La Paillote,64-66gr,266,Livré,F-20260629-183426,https://drive.google.com/file/d/1cxB1yQKv4iZpJvVjDzvuqMtizjj21nS4/view?usp=drivesdk
27/06/2026,399-06-2026,Nambinina,64-66gr,800,Livré,F-20260629-183539,https://drive.google.com/file/d/1sNKyMy9Y0B0TQZUmPcd49dNeqUwVzvY6/view?usp=drivesdk
27/06/2026,400-06-2026,Major Shop,70-74gr,422,Livré,F-20260629-183710,https://drive.google.com/file/d/1GovXFK9dU3JmPiYaTSUHQM3nQ39SwVwe/view?usp=drivesdk
27/06/2026,402-06-2026,Major Shop,75gr +,80,Livré,F-20260629-183814,https://drive.google.com/file/d/1VcWtbhhWuMTiGaU1dKYa5c3AVOGalD9I/view?usp=drivesdk
27/06/2026,403-06-2026,Chinoise,Casser,49,Livré,F-20260629-183923,https://drive.google.com/file/d/1LFOOdKo-myy0IJI2NgBb5f0EQAYW1VZJ/view?usp=drivesdk
29/06/2026,404-06-2026,Fasankarana,42-46gr,5,Livré,F-20260629-185807,https://drive.google.com/file/d/1jrl7H8Y6gNkYS845GKaOKK6fFaIIo3he/view?usp=drivesdk
29/06/2026,406-06-2026,Fasankarana,47-56gr,55,Livré,F-20260629-185903,https://drive.google.com/file/d/1l9QiG2wGxvn4cG0zVXv33UwWJ6nvNzTX/view?usp=drivesdk
29/06/2026,407-06-2026,Jirama,47-56gr,750,Livré,F-20260629-190018,https://drive.google.com/file/d/1PF3malws13ogXXND8x3S2lqeND9nw8QL/view?usp=drivesdk
29/06/2026,410-06-2026,Mr Mamy,57-60gr,1300,Livré,F-20260629-190128,https://drive.google.com/file/d/1NFh334tBau_zvonYxo88XhqwQjwewmXz/view?usp=drivesdk
29/06/2026,411-06-2026,B5,57-60gr,248,Livré,F-20260629-191049,https://drive.google.com/file/d/10uGfX8jFDkqE-pm03YDPAwDF9kwP1jzA/view?usp=drivesdk
29/06/2026,412-06-2026,B5,61-63gr,1049,Livré,F-20260629-191250,https://drive.google.com/file/d/1mvODpy6uQ55uqci-y_jRPYB4rPClPnHA/view?usp=drivesdk
29/06/2026,413-06-2026,CFC,61-63gr,1300,Livré,F-20260629-191353,https://drive.google.com/file/d/1Xw6uykLFGWILRdUPqaX56oNQaGah0TNb/view?usp=drivesdk
29/06/2026,414-06-2026,Rahery,64-66gr,1300,Livré,F-20260629-191552,https://drive.google.com/file/d/1GtNA0clXOv4j04VZiKQKSKhRcgcWZKDe/view?usp=drivesdk
29/06/2026,415-06-2026,La Paillote,64-66gr,240,Livré,F-20260629-191737,https://drive.google.com/file/d/1YD5giWsTteNl805q5o1JND1Jl6BBT9Wi/view?usp=drivesdk
29/06/2026,416-06-2026,Nambinina,64-66gr,628,Livré,F-20260629-191836,https://drive.google.com/file/d/1rsqGV1QXwVHCyjKsHPLBatUsmBBlPOBp/view?usp=drivesdk
29/06/2026,417-06-2026,Nambinina,67-69gr,390,Livré,F-20260629-192742,https://drive.google.com/file/d/17EXC3B-E6dpeP4JrzD4qn8jOM974gMC-/view?usp=drivesdk
29/06/2026,418-06-2026,Naivo,67-69gr,1000,Livré,F-20260629-193018,https://drive.google.com/file/d/1fWgvsERLTzskavZTg9tSLC53D9Ngpldh/view?usp=drivesdk
29/06/2026,419-06-2026,Pompier,70-74gr,200,Livré,F-20260629-193149,https://drive.google.com/file/d/1_8NUVeXKWzlYMy16KKVhKAJv8iJA9LvT/view?usp=drivesdk
29/06/2026,420-06-2026,Major Shop,70-74gr,400,Livré,F-20260629-201120,https://drive.google.com/file/d/1ZhVHG9MfQjmweI-LRkiiCRFylM3KItmR/view?usp=drivesdk
29/06/2026,422-06-2026,EPP Tsiry,70-74gr,213,Livré,F-20260629-201236,https://drive.google.com/file/d/1yF7VEwn8QWkCGTsfcZRQYHrZ2epti5yg/view?usp=drivesdk
29/06/2026,423-06-2026,EPP Tsiry,75gr +,143,Livré,F-20260629-201423,https://drive.google.com/file/d/10J2TK3UjQf4TN_MMTtD_GD5caT_hl9ZE/view?usp=drivesdk
29/06/2026,424-06-2026,Chinoise,Casser,93,Livré,F-20260629-201624,https://drive.google.com/file/d/13RPPGS_wwvWhZLDe4xQX32RZZHnbfiMN/view?usp=drivesdk
30/06/2026,425-06-2026,Leader Price,57-60gr,720,Livré,F-20260630-201732,https://drive.google.com/file/d/1IfFPkNbSDYSoViLkCvax771cmQX4vmkt/view?usp=drivesdk
30/06/2026,427-06-2026,Calypso,67-69gr,600,Livré,F-20260630-201854,https://drive.google.com/file/d/18th9rMQWHdf_pmubAZz-xUbkS1WqiNKu/view?usp=drivesdk
30/06/2026,428-06-2026,Linah,42-46gr,5,Livré,F-20260704-045604,https://drive.google.com/file/d/1rLthtkHqsKRIZ5KRKUWkjdpwQGOl-bJJ/view?usp=drivesdk
30/06/2026,429-06-2026,Linah,47-56gr,71,Livré,F-20260704-045740,https://drive.google.com/file/d/1m7gx_gH5-hUY2wqPnxNTxNKxC4p-OPU1/view?usp=drivesdk
30/06/2026,431-06-2026,Angéline,47-56gr,300,Livré,F-20260704-045907,https://drive.google.com/file/d/1TkX4moiLe4VxhjJc-AloJxMLTSCipM2n/view?usp=drivesdk
30/06/2026,432-06-2026,Nambinina,57-60gr,156,Livré,F-20260704-050050,https://drive.google.com/file/d/1i9jC-nHSkNhELnPoE4p0W8Kt_Yqoggyl/view?usp=drivesdk
30/06/2026,434-06-2026,CFC,61-63gr,1192,Livré,F-20260704-050140,https://drive.google.com/file/d/1DbEx9KLIJxh0C-QvURFPJcpjs7Huqnkl/view?usp=drivesdk
30/06/2026,435-06-2026,Damaskôsy,64-66gr,1072,Livré,F-20260704-050236,https://drive.google.com/file/d/1kiCoxKVVjAwloUEFBEzZ9PwMAArLEZey/view?usp=drivesdk
30/06/2026,436-06-2026,Pompier,70-74gr,200,Livré,F-20260704-050335,https://drive.google.com/file/d/10a2NZPr2jvNI8qRT47tsBVq-DdBMoFfb/view?usp=drivesdk
30/06/2026,437-06-2026,EPP Tsiry,70-74gr,205,Livré,F-20260704-050414,https://drive.google.com/file/d/1FtxcDTxhqpnlmy4_Jm1JfpwjFlOMmaJJ/view?usp=drivesdk
30/06/2026,438-06-2026,EPP Tsiry,75gr +,84,Livré,F-20260704-050503,https://drive.google.com/file/d/1KfjZOWYhYuNe-nVrEo0nTbyinlYNkmrz/view?usp=drivesdk
30/06/2026,439-06-2026,Chinoise,Casser,49,Livré,F-20260704-050537,https://drive.google.com/file/d/1oU7N9LFX5id9lY1P1NggMiWqq3RZK3fi/view?usp=drivesdk
01/07/2026,004-07-2026,Fasankarana,42-46gr,3,Livré,F-20260704-051029,https://drive.google.com/file/d/1eC6VKIruyLHnW_nb1jHCN3idq7jjZQ-e/view?usp=drivesdk
01/07/2026,005-07-2026,Fasankarana,47-56gr,80,Livré,F-20260704-051133,https://drive.google.com/file/d/1yZzllInrjTxAlbTmMBKdoaakTeP_AydK/view?usp=drivesdk
01/07/2026,006-07-2026,Angéline,47-56gr,300,Livré,F-20260704-051233,https://drive.google.com/file/d/1pu2E1f-nJUdJOT8Epz2D4ZjRmWxC2Ui3/view?usp=drivesdk
01/07/2026,008-07-2026,CFC,57-60gr,1079,Livré,F-20260704-051355,https://drive.google.com/file/d/1HDOX-HoVYnbhQi3QmZ_7JbsO-_9v6vQy/view?usp=drivesdk
01/07/2026,010-07-2026,Mr Mamy,61-63gr,1227,Livré,F-20260704-051457,https://drive.google.com/file/d/1TGNFtwWiP2Kcs0RPpdDc0f1ktKXtIyOf/view?usp=drivesdk
01/07/2026,011-07-2026,La Paillote,64-66gr,240,Livré,F-20260704-051553,https://drive.google.com/file/d/1oV6kcxGLL5Y_o6mTqyJBbVXjrTG-lvyy/view?usp=drivesdk
01/07/2026,013-07-2026,Rahery,64-66gr,877,Livré,F-20260704-051655,https://drive.google.com/file/d/12AVYg2MZk0UjI0H908NpJx01IhOxj6TX/view?usp=drivesdk
01/07/2026,014-07-2026,Naivo,67-69gr,715,Livré,F-20260704-051802,https://drive.google.com/file/d/1D_-8gIaN7YNBz0-nn8geoht2XNodDNTZ/view?usp=drivesdk
01/07/2026,016-07-2026,Major Shop,70-74gr,404,Livré,F-20260704-051902,https://drive.google.com/file/d/1SVwQqklaxCva2I5-uXHB6EFCNz6ubPpN/view?usp=drivesdk
01/07/2026,017-07-2026,Major Shop,75gr +,77,Livré,F-20260704-051951,https://drive.google.com/file/d/1jTayA4x6rcuXbcA7sAyZarKsnXVQ8Fpc/view?usp=drivesdk
01/07/2026,018-07-2026,Lasopy,Casser,37,Livré,F-20260704-052029,https://drive.google.com/file/d/16c0lcjxxE8-6HghNx46S_rV90ork-pdI/view?usp=drivesdk
02/07/2026,001-07-2026,Leader Price,57-60gr,960,Livré,F-20260702-075304,https://drive.google.com/file/d/1QlCIGapgopFSKnJ8CnScbAtbXuNLUyEP/view?usp=drivesdk
02/07/2026,020-07-2026,Fasankarana,42-46gr,2,Livré,F-20260704-053509,https://drive.google.com/file/d/1UmzsGJO0OIupyy5oxDBESgKODkRHtEV9/view?usp=drivesdk
02/07/2026,022-07-2026,Fasankarana,47-56gr,61,Livré,F-20260704-053557,https://drive.google.com/file/d/1AlzLDDnarS5TTFJE1CsrucajoKN2oj6a/view?usp=drivesdk
02/07/2026,023-07-2026,Angéline,47-56gr,300,Livré,F-20260704-053649,https://drive.google.com/file/d/1v8t9AqFSaoXQMsWUG0mSUOsMp57gbrjp/view?usp=drivesdk
02/07/2026,026-07-2026,Jirama,57-60gr,500,Livré,F-20260704-053753,https://drive.google.com/file/d/1QEiI5tKD6K5SAwpnM5PKKjq1BSyyVRL2/view?usp=drivesdk
02/07/2026,027-07-2026,Nambinina,57-60gr,568,Livré,F-20260704-053835,https://drive.google.com/file/d/1lGRKGxNIuatUbLAyaGCKEXCXKKw5KrNw/view?usp=drivesdk
02/07/2026,029-07-2026,CFC,61-63gr,1232,Livré,F-20260704-053918,https://drive.google.com/file/d/1J9bNw7fZHb6g9UIxp_eNoE3UTEztj0fs/view?usp=drivesdk
02/07/2026,030-07-2026,Rahery,64-66gr,1094,Livré,F-20260704-054037,https://drive.google.com/file/d/1orPfKT-pQeTjR2D2YDYK_tMW2CFH7EcD/view?usp=drivesdk
02/07/2026,032-07-2026,Naivo,67-69gr,695,Livré,F-20260704-054132,https://drive.google.com/file/d/1JCNCcx1vK8aqW-fG3h4t-4gANk05CbsM/view?usp=drivesdk
02/07/2026,033-07-2026,EPP Tsiry,70-74gr,228,Livré,F-20260704-054225,https://drive.google.com/file/d/17d16Aiq_n2F7ik--XLytQroVUR02xkrR/view?usp=drivesdk
02/07/2026,035-07-2026,Pompier,70-74gr,200,Livré,F-20260704-054312,https://drive.google.com/file/d/1UgIwea2JbQgSztA56Vq0sJk1vxeLhr30/view?usp=drivesdk
02/07/2026,037-07-2026,Pompier,75gr +,79,Livré,F-20260704-054404,https://drive.google.com/file/d/1SGnw3D03BSghEGgeg2reYTdauebYMQrA/view?usp=drivesdk
02/07/2026,038-07-2026,Chinoise,Casser,34,Livré,F-20260704-054445,https://drive.google.com/file/d/1xbQ4jI_HcMoTUf4RZlmL0nCmGLXEuM9w/view?usp=drivesdk
03/07/2026,040-07-2026,Linah,42-46gr,5,Livré,F-20260704-054702,https://drive.google.com/file/d/1HoTBmH3WGrN2_CMojWuNuHaI_BG-yPiX/view?usp=drivesdk
03/07/2026,041-07-2026,Linah,47-56gr,63,Livré,F-20260704-061626,https://drive.google.com/file/d/1d2sfqJQLI_UnqAh7BB1IR2pGm1-Uouv9/view?usp=drivesdk
03/07/2026,042-07-2026,Nambinina,47-56gr,300,Livré,F-20260704-061731,https://drive.google.com/file/d/166pBYGgGXOkupaij7U66VySCYR1CN_wM/view?usp=drivesdk
03/07/2026,045-07-2026,Damaskôsy,57-60gr,1164,Livré,F-20260704-061903,https://drive.google.com/file/d/1gfQr1WP9j6PbVDYL5aW9g9xVidqINUfH/view?usp=drivesdk
03/07/2026,046-07-2026,CFC,61-63gr,1198,Livré,F-20260704-062023,https://drive.google.com/file/d/1Nm9ywX51QN78YKVzsb50XlEIOOn4P0DC/view?usp=drivesdk
03/07/2026,048-07-2026,La Paillote,64-66gr,240,Livré,F-20260704-062126,https://drive.google.com/file/d/1Lm7XIPiyteNAgtF-n--KsceguDZC03C6/view?usp=drivesdk
03/07/2026,049-07-2026,Rahery,64-66gr,845,Livré,F-20260704-062237,https://drive.google.com/file/d/12-pnZIpyiDStLHpZYTdnWmz8pHZAYrUp/view?usp=drivesdk
03/07/2026,050-07-2026,Patisserie Monique,67-69gr,671,Livré,F-20260704-062332,https://drive.google.com/file/d/1dxXtCSJDIIcfwUC6YiMZ-0pWoRYwg64D/view?usp=drivesdk
03/07/2026,051-07-2026,Major Shop,70-74gr,400,Livré,F-20260704-062435,https://drive.google.com/file/d/118F8k1xUyx3JSeQECZu9Kc7MweTy8Pvo/view?usp=drivesdk
03/07/2026,053-07-2026,Major Shop,75gr +,90,Livré,F-20260704-062521,https://drive.google.com/file/d/1d4dJY7YLpaPMQM-fSDIVMVYQsqsRRHEC/view?usp=drivesdk
03/07/2026,054-07-2026,Lasopy,Casser,30,Livré,F-20260704-062624,https://drive.google.com/file/d/1ri_WaCKg20z7iLtVJHC_f1_p9M262xcw/view?usp=drivesdk
04/07/2026,019-07-2026,Calypso,67-69gr,600,Livré,F-20260704-052209,https://drive.google.com/file/d/1bO5yVCi7wou2UhmkZD-HP8pFEaHFAqdD/view?usp=drivesdk
04/07/2026,055-07-2026,Leader Price,57-60gr,1200,Livré,F-20260704-113041,https://drive.google.com/file/d/1x9scRD0nMJbR_ozkZsCdNI-kA4OYuV3y/view?usp=drivesdk
04/07/2026,056-07-2026,Linah,42-46gr,2,Livré,F-20260706-042123,https://drive.google.com/file/d/1qKTSZGDj4CsNKOsXLa_zaviRHjxA8DHR/view?usp=drivesdk
04/07/2026,057-07-2026,Linah,47-56gr,58,Livré,F-20260706-042301,https://drive.google.com/file/d/1b2C2-E5M76-UArXM6CZ-mzrs3EQVDtuG/view?usp=drivesdk
04/07/2026,058-07-2026,Angéline,47-56gr,300,Livré,F-20260706-042438,https://drive.google.com/file/d/1ZdTSznUHel1ULtRRJZ4R4hiUUSQzqsns/view?usp=drivesdk
04/07/2026,060-07-2026,CFC,61-63gr,1252,Livré,F-20260706-042534,https://drive.google.com/file/d/1HzlA4pFsQcSL9T8FekX30gMSDS_Eng72/view?usp=drivesdk
04/07/2026,062-07-2026,Rahery,64-66gr,1088,Livré,F-20260706-043009,https://drive.google.com/file/d/1SIQB9noRBm6dLCkIGQ3egMvcg02DaNxZ/view?usp=drivesdk
04/07/2026,064-07-2026,Naivo,67-69gr,702,Livré,F-20260706-043226,https://drive.google.com/file/d/1HOznL4bovsA5tkkt8ZilY_wWqSaXtBxz/view?usp=drivesdk
04/07/2026,067-07-2026,Pompier,70-74gr,211,Livré,F-20260706-043520,https://drive.google.com/file/d/1vOBa3Oz65pchPwT123UaI9CaMCACiDKk/view?usp=drivesdk
04/07/2026,068-07-2026,EPP Tsiry,70-74gr,200,Livré,F-20260706-043603,https://drive.google.com/file/d/1s5BV5XGQNMUh80bQoU5qfSTW5KvUGF0x/view?usp=drivesdk
04/07/2026,069-07-2026,EPP Tsiry,75gr +,88,Livré,F-20260706-043634,https://drive.google.com/file/d/107vRMn0dEEWcA1W4oPyr35HTRM93M4oX/view?usp=drivesdk
04/07/2026,070-07-2026,Chinoise,Casser,42,Livré,F-20260706-043725,https://drive.google.com/file/d/1w6tGnj2NhzFYj0X4pUdk32znnoOdhSGd/view?usp=drivesdk
06/07/2026,071-07-2026,Leader Price,57-60gr,540,Livré,F-20260706-044444,https://drive.google.com/file/d/1iLmtqBHNshgraR07no1nuubThHBJ6jIH/view?usp=drivesdk
06/07/2026,072-07-2026,Mercy Ships,61-63gr,600,Livré,F-20260706-044549,https://drive.google.com/file/d/1GZb8HXa-YYbLQKkw2yd0De0SnnAkmzmV/view?usp=drivesdk
06/07/2026,073-07-2026,Fasankarana,42-46gr,11,Livré,F-20260707-065509,https://drive.google.com/file/d/1c_fhngzzdi6zp2KvVcQ7OdxiABBb2zn3/view?usp=drivesdk
06/07/2026,074-07-2026,Fasankarana,47-56gr,60,Livré,F-20260707-065617,https://drive.google.com/file/d/1ZX_UZWbrEgsPmsG5TPYkfALWesyfJBI1/view?usp=drivesdk
06/07/2026,075-07-2026,Angéline,47-56gr,650,Livré,F-20260707-065719,https://drive.google.com/file/d/1yAuTaczFmtO9mX14PY6E1QVqx70SNPva/view?usp=drivesdk
06/07/2026,076-07-2026,Damaskôsy,57-60gr,1300,Livré,F-20260707-065918,https://drive.google.com/file/d/1UpKpA90XTbtmBxu27RHT1RfWzt0-zCnf/view?usp=drivesdk
06/07/2026,078-07-2026,CFC,61-63gr,1500,Livré,F-20260707-070027,https://drive.google.com/file/d/1ql4NKg2pWDup9r_snsLqukalMatwpqHa/view?usp=drivesdk
06/07/2026,080-07-2026,Rahery,64-66gr,1300,Livré,F-20260707-070124,https://drive.google.com/file/d/1Qs3JunG9AzgNr3oZ1znmPKHzb4EzHvuC/view?usp=drivesdk
06/07/2026,081-07-2026,Nambinina,57-60gr,316,Livré,F-20260707-070301,https://drive.google.com/file/d/1haZqI7gfwxKpoyMyiWZ5ebjhrA7hv6j_/view?usp=drivesdk
06/07/2026,082-07-2026,Nambinina,61-63gr,283,Livré,F-20260707-070401,https://drive.google.com/file/d/1PWoLxYiD20kTY2AY9rhgfSYmq4SjH32b/view?usp=drivesdk
06/07/2026,083-07-2026,Ambohijafy,64-66gr,811,Livré,F-20260707-070542,https://drive.google.com/file/d/1nCJjt4TdFiXCROrPFGJIks3dXZxf5RJ6/view?usp=drivesdk
06/07/2026,084-07-2026,Fabrice,64-66gr,30,Livré,F-20260707-070559,https://drive.google.com/file/d/1kcexVg3PuUfcFIG12Y5Sel55Tj1PCy5z/view?usp=drivesdk
06/07/2026,085-07-2026,Naivo,67-69gr,800,Livré,F-20260707-070702,https://drive.google.com/file/d/1PSGN_d2U0lYB-8Z5zpgKzn2U2veXD3b5/view?usp=drivesdk
06/07/2026,087-07-2026,Major Shop,70-74gr,400,Livré,F-20260707-070826,https://drive.google.com/file/d/1wVx9vmTWgLseMoYqIDXHPMeSl4UnJTFy/view?usp=drivesdk
06/07/2026,088-07-2026,Pompier,70-74gr,337,Livré,F-20260707-071032,https://drive.google.com/file/d/1_Q96Eoni_ZCSM3AL175Tt-ZwyYnXGyPn/view?usp=drivesdk
06/07/2026,090-07-2026,EPP Tsiry,75gr +,172,Livré,F-20260707-071125,https://drive.google.com/file/d/1u-zSUMa5qb--3-VksFYPpzhjh5_B-kfj/view?usp=drivesdk
06/07/2026,092-07-2026,Chinoise,Casser,111,Livré,F-20260707-071213,https://drive.google.com/file/d/1dZNPR-Tf0AuUN5z338Es3t0mfKs3negN/view?usp=drivesdk
07/07/2026,094-07-2026,Mercy Ships,61-63gr,581,Livré,F-20260707-072016,https://drive.google.com/file/d/1k3ZiYU-TgybybAm2JFvAaNvhwB4aqeRU/view?usp=drivesdk
07/07/2026,095-07-2026,Linah,42-46gr,4,Livré,F-20260708-060931,https://drive.google.com/file/d/1m9zGeKKQOte17JR2NqnLoq_8Zy8_tJ2r/view?usp=drivesdk
07/07/2026,096-07-2026,Linah,47-56gr,85,Livré,F-20260708-061037,https://drive.google.com/file/d/1Fg6BzqjtOZFJL2s6Y-dypF5KuhWzMVyg/view?usp=drivesdk
07/07/2026,099-07-2026,Angéline,47-56gr,400,Livré,F-20260708-061209,https://drive.google.com/file/d/1x6t3C748TVc4j01xwjKhsBsrNjYc6JhC/view?usp=drivesdk
07/07/2026,102-07-2026,CFC,57-60gr,1093,Livré,F-20260708-061300,https://drive.google.com/file/d/1Xdywtp6BbNzy4h22ALKZzzY7xRWXtAu3/view?usp=drivesdk
07/07/2026,103-07-2026,Nambinina,61-63gr,581,Livré,F-20260708-061345,https://drive.google.com/file/d/1QPMq0ZqaM_Ag4Wxoqdycq79pOVvDVkNL/view?usp=drivesdk
07/07/2026,104-07-2026,Rahery,64-66gr,993,Livré,F-20260708-061437,https://drive.google.com/file/d/1jYL0X4wfPLhkdirTINw4z7Vrt535JFfH/view?usp=drivesdk
07/07/2026,105-07-2026,Naivo,67-69gr,900,Livré,F-20260708-061726,https://drive.google.com/file/d/1kc1DE2RRC-SIfEGLNmsD7uEWuKjMXCfI/view?usp=drivesdk
07/07/2026,107-07-2026,Pompier,70-74gr,200,Livré,F-20260708-061934,https://drive.google.com/file/d/1DTHLSDtYWmMjNjJW8a2Je0t0mqIbPfTZ/view?usp=drivesdk
07/07/2026,108-07-2026,EPP Tsiry,70-74gr,185,Livré,F-20260708-062042,https://drive.google.com/file/d/1QYoKE2mBcF5tvj-j1QAVWJuryNVydmXi/view?usp=drivesdk
07/07/2026,109-07-2026,EPP Tsiry,75gr +,86,Livré,F-20260708-062133,https://drive.google.com/file/d/1G-HHKMb1cdrzVDH4bDYALHJZeV0NVV7f/view?usp=drivesdk
07/07/2026,111-07-2026,Lasopy,Casser,55,Livré,F-20260708-062216,https://drive.google.com/file/d/1PoVOEiqdEC3YdT83DEsAUB3M3nRSZAXo/view?usp=drivesdk
08/07/2026,112-07-2026,Calypso,67-69gr,600,Livré,F-20260708-063046,https://drive.google.com/file/d/1XLXGcehepHisfCHUkJuYYQ6ZZbqp7TIH/view?usp=drivesdk
08/07/2026,113-07-2026,Leader Price,57-60gr,960,Livré,F-20260708-063307,https://drive.google.com/file/d/1mq25K3WOVhmGvuE3sPj2O1WrFovCgCym/view?usp=drivesdk
08/07/2026,115-07-2026,Mercy Ships,61-63gr,528,Livré,F-20260708-070506,https://drive.google.com/file/d/1Xb3ejYogQINklgYb4VpsUQNT0cheKNNE/view?usp=drivesdk
08/07/2026,117-07-2026,Linah,42-46gr,3,Livré,F-20260709-072127,https://drive.google.com/file/d/10gx3Kr8jVFquzKsKDALiXAaMvfIpDYmY/view?usp=drivesdk
08/07/2026,120-07-2026,Linah,47-56gr,57,Livré,F-20260709-072207,https://drive.google.com/file/d/1x2zXV_i6dULEyOLxAS0H5UtsKJAWJGwz/view?usp=drivesdk
08/07/2026,121-07-2026,Soavita,47-56gr,30,Livré,F-20260709-072251,https://drive.google.com/file/d/1J-vatlwGUkg1rjx-87Kw1dIkuEeByJWb/view?usp=drivesdk
08/07/2026,123-07-2026,Angéline,47-56gr,311,Livré,F-20260709-072342,https://drive.google.com/file/d/18j3RpRmDL6jC21Tgu4prt2aN3FCqf0YK/view?usp=drivesdk
08/07/2026,124-07-2026,Nambinina,57-60gr,170,Livré,F-20260709-072632,https://drive.google.com/file/d/1US6ZuaNrogdMNzmG-hhHw1NigS__o9v7/view?usp=drivesdk
08/07/2026,125-07-2026,Damaskôsy,61-63gr,602,Livré,F-20260709-072830,https://drive.google.com/file/d/1Q6azRXRz6m9nic3zthUkb2WT4EopGtKZ/view?usp=drivesdk
08/07/2026,126-07-2026,CFC,64-66gr,981,Livré,F-20260709-073027,https://drive.google.com/file/d/1c3E_eBdgKvDjtga_HYn-bBG5cd0Xl-FL/view?usp=drivesdk
08/07/2026,127-07-2026,Major Shop,70-74gr,300,Livré,F-20260709-073128,https://drive.google.com/file/d/1RzFgkq1YRrpj3Qw595SzHK5BfhmzKhan/view?usp=drivesdk
08/07/2026,128-07-2026,EPP Tsiry,70-74gr,117,Livré,F-20260709-073211,https://drive.google.com/file/d/1q0ryl1rY9wSjbWwyxyFdCobO_IIkIVmP/view?usp=drivesdk
08/07/2026,129-07-2026,EPP Tsiry,75gr +,99,Livré,F-20260709-073251,https://drive.google.com/file/d/1FsdM35MJMe_TAD92wm-5lgbdnXRWv10H/view?usp=drivesdk
08/07/2026,130-07-2026,Lasopy,Casser,41,Livré,F-20260709-073336,https://drive.google.com/file/d/1qhYyEZv3FHOyBTLu50ww_60ALo_uvShE/view?usp=drivesdk
08/07/2026,131-07-2026,Naivo,67-69gr,437,Livré,F-20260709-073421,https://drive.google.com/file/d/1H-fDw7hpjwgkUhvei9a50uBcuvF4b5zL/view?usp=drivesdk
09/07/2026,134-07-2026,Mercy Ships,61-63gr,400,Livré,F-20260709-073905,https://drive.google.com/file/d/1rin5xIlmkfZZ6wSAk-NmArTTVx6K7nHp/view?usp=drivesdk
09/07/2026,136-07-2026,Fasankarana,42-46gr,2,Livré,F-20260710-051045,https://drive.google.com/file/d/1__afQAA72Rf2X3floQQEpUkyxyV5o1C0/view?usp=drivesdk
09/07/2026,139-07-2026,Fasankarana,47-56gr,76,Livré,F-20260710-052047,https://drive.google.com/file/d/1-S2ksQmfqKEkjC3oe-F4a-4FeZeLOWTc/view?usp=drivesdk
09/07/2026,140-07-2026,Angéline,47-56gr,340,Livré,F-20260710-052413,https://drive.google.com/file/d/12IMM6Li9G1RXhEzPYWs6YXfvir65HjlP/view?usp=drivesdk
09/07/2026,141-07-2026,CFC,57-60gr,1090,Livré,F-20260710-052815,https://drive.google.com/file/d/1ele0VeXbNB6Mg-bMjxEllA1OYvcvZptx/view?usp=drivesdk
09/07/2026,142-07-2026,Damaskôsy,61-63gr,764,Livré,F-20260710-053012,https://drive.google.com/file/d/1F9IuZ2djxO75qp4zKdzLfZit7tovPIgq/view?usp=drivesdk
09/07/2026,143-07-2026,Rahery,64-66gr,986,Livré,F-20260710-053120,https://drive.google.com/file/d/1sGGlytq1ysAsjGWMWqVINEt4tit5FbTY/view?usp=drivesdk
09/07/2026,144-07-2026,Major Shop,70-74gr,320,Livré,F-20260710-053259,https://drive.google.com/file/d/19uDuR2ujX1Lh3SEQoicZv7vfsqRWmO9f/view?usp=drivesdk
09/07/2026,146-07-2026,EPP Tsiry,70-74gr,100,Livré,F-20260710-053353,https://drive.google.com/file/d/1yX5PGgccp112Gdy2aL57tjYKHYj5wi9S/view?usp=drivesdk
09/07/2026,148-07-2026,EPP Tsiry,75gr +,107,Livré,F-20260710-053434,https://drive.google.com/file/d/1QaHsDKblQ317VrHNsMqp9F5mJAHjxdF-/view?usp=drivesdk
09/07/2026,149-07-2026,Chinoise,Casser,41,Livré,F-20260710-053521,https://drive.google.com/file/d/1fTP3m6MxS0Xgd89io0HRlebvIjtE9peC/view?usp=drivesdk
10/07/2026,150-07-2026,Calypso,67-69gr,600,Livré,F-20260710-053628,https://drive.google.com/file/d/1xoBnDgHRZ5RBQlSv0siP2JbpgXVkZANe/view?usp=drivesdk
10/07/2026,151-07-2026,Mercy Ships,61-63gr,480,,F-20260710-053939,
10/07/2026,151-07-2026,Leader Price,57-60gr,1500,Livré,F-20260710-053939,https://drive.google.com/file/d/1OPvqPBBJHiit7ypCLO0lTdYW4ahXLDDd/view?usp=drivesdk
10/07/2026,153-07-2026,Linah,42-46gr,6,Livré,F-20260711-060502,https://drive.google.com/file/d/1C1XCMEzRK1KC272Qs2JDPxAc8-j4991a/view?usp=drivesdk
10/07/2026,154-07-2026,Linah,47-56gr,75,Livré,F-20260711-061011,https://drive.google.com/file/d/1K9OCevyvBJJPx5bCl9yzJsZFNzUp9M9B/view?usp=drivesdk
10/07/2026,156-07-2026,Angéline,47-56gr,300,Livré,F-20260711-062339,https://drive.google.com/file/d/1OU0aVXxRih5VA_eg6N-7N6BxwabkLpwX/view?usp=drivesdk
10/07/2026,157-07-2026,CFC,61-63gr,1064,Livré,F-20260711-062437,https://drive.google.com/file/d/1xtdXSBIeDA5S2uawkLfN2CBuLvAMUmnG/view?usp=drivesdk
10/07/2026,158-07-2026,La Paillote,64-66gr,300,Livré,F-20260711-062541,https://drive.google.com/file/d/1R7BNvPriQA1Xd5G7xvl5cCyITDr-OA1T/view?usp=drivesdk
10/07/2026,159-07-2026,Rahery,64-66gr,658,Livré,F-20260711-062702,https://drive.google.com/file/d/1uhAWvmFvyIL5pM3UqfEHBsOY6bm8uWaz/view?usp=drivesdk
10/07/2026,161-07-2026,Naivo,67-69gr,789,Livré,F-20260711-062834,https://drive.google.com/file/d/1GcWkP7TTFSIAv9eLhthi3mkxVWKyHuWv/view?usp=drivesdk
10/07/2026,162-07-2026,Pompier,70-74gr,260,Livré,F-20260711-062954,https://drive.google.com/file/d/1pXUpJIZShfwtzvc-43oSdWItnCmOcEKH/view?usp=drivesdk
10/07/2026,164-07-2026,EPP Tsiry,70-74gr,100,Livré,F-20260711-063724,https://drive.google.com/file/d/1F9WtD93G7znYY9B1o7OwJPV6FfLni0aT/view?usp=drivesdk
10/07/2026,166-07-2026,EPP Tsiry,75gr +,89,Livré,F-20260711-065354,https://drive.google.com/file/d/1BnPRD-UiPsom2_uCDK6qSGd0wwDnGM9w/view?usp=drivesdk
10/07/2026,167-07-2026,Chinoise,Casser,46,Livré,F-20260711-065448,https://drive.google.com/file/d/1ijGT67g9DemqNDSRHJhUCOeKpbpXWXDo/view?usp=drivesdk
11/07/2026,170-07-2026,Mercy Ships,61-63gr,450,Livré,F-20260711-080724,https://drive.google.com/file/d/1QRNJN-tkd33DFJCtASuKh1a8jzbrU594/view?usp=drivesdk
11/07/2026,171-07-2026,Fasankarana,42-46gr,2,Livré,F-20260712-102454,https://drive.google.com/file/d/1qIe744iYT3D0OQu0Q-xM9qhcsJy_Ehqv/view?usp=drivesdk
11/07/2026,172-07-2026,Fasankarana,47-56gr,85,Livré,F-20260712-102528,https://drive.google.com/file/d/1IZtc3ayyYI03xQ282NwHCuM77sy_7a6L/view?usp=drivesdk
11/07/2026,173-07-2026,Angéline,47-56gr,300,Livré,F-20260712-103204,https://drive.google.com/file/d/10ewszAYL1a6kBdMf3j00Iv8l7pcp5UDI/view?usp=drivesdk
11/07/2026,174-07-2026,CFC,57-60gr,713,Livré,F-20260712-103244,https://drive.google.com/file/d/1YoCm1dHMc5sbRluh8fycSxYLFIbQmDOj/view?usp=drivesdk
11/07/2026,175-07-2026,Rahery,61-63gr,683,Livré,F-20260712-103433,https://drive.google.com/file/d/1za_6nneEXt7Alf7toWHQSgFtKSfiN3pX/view?usp=drivesdk
11/07/2026,176-07-2026,Mangarano,64-66gr,1098,Livré,F-20260712-104219,https://drive.google.com/file/d/17jtPD6p3nbAwvk6aurjHHaWoJwSuTSIu/view?usp=drivesdk
11/07/2026,177-07-2026,Major Shop,70-74gr,418,Livré,F-20260712-105248,https://drive.google.com/file/d/1nicSgP-Ou4UTqW7kTPp2mzvW_IYNM7Qw/view?usp=drivesdk
11/07/2026,178-07-2026,Major Shop,75gr +,81,Livré,F-20260712-105323,https://drive.google.com/file/d/1Zjnf0TmjGfQ-7VSKPAEhgToaWTvdnNzn/view?usp=drivesdk
11/07/2026,181-07-2026,Lasopy,Casser,43,Livré,F-20260712-105359,https://drive.google.com/file/d/1lmoh4ShDy3VwZL4TAwogrY4D5ytYWF4X/view?usp=drivesdk
12/07/2026,184-07-2026,Mercy Ships,61-63gr,516,Livré,F-20260712-112725,https://drive.google.com/file/d/1K7l1jR82ZyJ4tWow0j7VuNBmLuc9xS4K/view?usp=drivesdk
12/07/2026,186-07-2026,Calypso,67-69gr,600,Livré,F-20260712-112904,https://drive.google.com/file/d/1uPEcscSpB3xjatljBU6pgZMTslei7GAT/view?usp=drivesdk
13/07/2026,188-07-2026,Mercy Ships,61-63gr,548,Livré,F-20260713-081653,https://drive.google.com/file/d/18XD3Y0sjZwh7psVsAFtrRxUKmA1qAY8J/view?usp=drivesdk
13/07/2026,190-07-2026,Leader Price,57-60gr,1200,Livré,F-20260713-141128,https://drive.google.com/file/d/1tbo6fCyVQfJD-5qNeQ26IQMu4LcEStps/view?usp=drivesdk
13/07/2026,192-07-2026,Linah,42-46gr,9,Livré,F-20260714-055044,https://drive.google.com/file/d/1yxRO9-o1-8kff97PDIK2cE8vqKb0RHEt/view?usp=drivesdk
13/07/2026,193-07-2026,Linah,47-56gr,89,Livré,F-20260714-062858,https://drive.google.com/file/d/1QPNQW1CliztUfG5d3BJ6e-fpj7UQDaTr/view?usp=drivesdk
13/07/2026,196-07-2026,Angéline,47-56gr,600,Livré,F-20260714-063622,https://drive.google.com/file/d/1HuODvwiX3ngMQpeB9cAVLS88wFDHRKfu/view?usp=drivesdk
13/07/2026,199-07-2026,B5,57-60gr,288,Livré,F-20260714-064206,https://drive.google.com/file/d/1AnNUlb2Z9y0rS1kjCuP1wPkCPf2iuIDN/view?usp=drivesdk
13/07/2026,201-07-2026,CFC,61-63gr,1363,Livré,F-20260714-065134,https://drive.google.com/file/d/12RQkWT2QKgobecVeHslKwMSQTtcF3BVF/view?usp=drivesdk
13/07/2026,202-07-2026,Rahery,64-66gr,1200,Livré,F-20260714-065249,https://drive.google.com/file/d/1EPMkowKjOfsYMYteUgxbkOfmyytFdnDe/view?usp=drivesdk
13/07/2026,204-07-2026,La Paillote,64-66gr,300,Livré,F-20260714-070237,https://drive.google.com/file/d/1nFZF92Ba3S9uIu6qXzqYu5QCpb_n4O7B/view?usp=drivesdk
13/07/2026,205-07-2026,Damaskôsy,64-66gr,626,Livré,F-20260714-082203,https://drive.google.com/file/d/1x5D-0qgAkGRATOdpJ0GIiDLSRg1KeI5A/view?usp=drivesdk
13/07/2026,206-07-2026,Major Shop,70-74gr,437,Livré,F-20260714-082311,https://drive.google.com/file/d/1yJYf4bh2OUIh2yLNNxcuaarheM6XmImE/view?usp=drivesdk
13/07/2026,207-07-2026,Pompier,70-74gr,400,Livré,F-20260714-082341,https://drive.google.com/file/d/1fOOakRcai981eo06FGgDa-iO_F6MMzsc/view?usp=drivesdk
13/07/2026,208-07-2026,EPP Tsiry,75gr +,215,Livré,F-20260714-082555,https://drive.google.com/file/d/1UymqaOgqZA5CnpXnfi_4uip2211YY1Dm/view?usp=drivesdk
13/07/2026,209-07-2026,Chinoise,Casser,87,Livré,F-20260714-082629,https://drive.google.com/file/d/1YGd26Zz4dJMZWJRcvOQDCgBjNYgdMAjb/view?usp=drivesdk
14/07/2026,210-07-2026,Mercy Ships,61-63gr,480,Livré,F-20260714-083014,https://drive.google.com/file/d/11uQAorHZVNLFC4wwVJ44ET6x0rdH9PEz/view?usp=drivesdk
14/07/2026,213-07-2026,Leader Price,57-60gr,360,Livré,F-20260714-083110,https://drive.google.com/file/d/1cjV9Bf-ba3eYTc4RstZjXxNUqLUnNUbj/view?usp=drivesdk
14/07/2026,215-07-2026,Angéline,47-56gr,310,Livré,F-20260715-072344,https://drive.google.com/file/d/1mfFzODrWhmjL9OFk1W0Bu0yIfBK2NVVL/view?usp=drivesdk
14/07/2026,216-07-2026,Nambinina,57-60gr,653,Livré,F-20260715-072506,https://drive.google.com/file/d/1qBweGt5SPOMPOD4G-a5u8VowdXVHvsGZ/view?usp=drivesdk
14/07/2026,217-07-2026,CFC,61-63gr,766,Livré,F-20260715-072636,https://drive.google.com/file/d/1cKzFztwGl2eBJE1V0bL71p9JQNpV25A-/view?usp=drivesdk
14/07/2026,218-07-2026,Rahery,64-66gr,1056,Livré,F-20260715-072746,https://drive.google.com/file/d/1PhFtQEoEr04kx70jlc7V-GjSokmwNzKW/view?usp=drivesdk
14/07/2026,219-07-2026,Naivo,67-69gr,1042,Livré,F-20260715-072924,https://drive.google.com/file/d/1PpItONkryLI030lc-p5GEVIIwV7KWLED/view?usp=drivesdk
14/07/2026,220-07-2026,Major Shop,70-74gr,438,Livré,F-20260715-073004,https://drive.google.com/file/d/1FMeIDTmuzYbzKPxgFPUl4ipQUB9o49GP/view?usp=drivesdk
14/07/2026,221-07-2026,EPP Tsiry,75gr +,86,Livré,F-20260715-073058,https://drive.google.com/file/d/1OXEE_ptvn2NQGoxa-xsn6D7QsgLlh2Q1/view?usp=drivesdk
14/07/2026,222-07-2026,Lasopy,Casser,36,Livré,F-20260715-073205,https://drive.google.com/file/d/1uxSUtzXYmIYqrFHb1OVf5ZgIY1YpsCCR/view?usp=drivesdk
15/07/2026,224-07-2026,Mercy Ships,61-63gr,540,Livré,F-20260715-073409,https://drive.google.com/file/d/12JU7c79iZ7hsJGqEAT9u-JCJksAbSm92/view?usp=drivesdk
15/07/2026,225-07-2026,Linah,42-46gr,1,Livré,F-20260716-053844,https://drive.google.com/file/d/1UdPe_Cn9RKk_sVQ-pSArIWBcEezxGdi9/view?usp=drivesdk
15/07/2026,226-07-2026,Linah,47-56gr,60,Livré,F-20260716-054153,https://drive.google.com/file/d/1ZQc5aA-pIkFaMIMHAw_S80WzRqqpCqxd/view?usp=drivesdk
15/07/2026,227-07-2026,Angéline,47-56gr,300,Livré,F-20260716-054307,https://drive.google.com/file/d/1kmWASpQz4s4cp50hkTG_kbv-pnoC74zp/view?usp=drivesdk
15/07/2026,229-07-2026,CFC,57-60gr,1104,Livré,F-20260716-054541,https://drive.google.com/file/d/1nijdg4vS_JiuJIgbDllvbb2hNEHJ7dQt/view?usp=drivesdk
15/07/2026,230-07-2026,Nambinina,61-63gr,620,Livré,F-20260716-054825,https://drive.google.com/file/d/14d5xPaLy5Uz3udi6qVQdFJttgS7PYt1E/view?usp=drivesdk
15/07/2026,231-07-2026,Rahery,64-66gr,1031,Livré,F-20260716-054943,https://drive.google.com/file/d/1mEKwUob3Hvlt1WBrtxL-iibG7phR6f3V/view?usp=drivesdk
15/07/2026,232-07-2026,Naivo,67-69gr,801,Livré,F-20260716-055052,https://drive.google.com/file/d/1KnGUPnRap1AVbor57SdmnVp1sR_t7x2H/view?usp=drivesdk
15/07/2026,234-07-2026,Major Shop,70-74gr,393,Livré,F-20260716-055219,https://drive.google.com/file/d/1PdjhDVz0XYDq3sRM2skxodXrKcEdLyjP/view?usp=drivesdk
15/07/2026,236-07-2026,EPP Tsiry,75gr +,76,Livré,F-20260716-061726,https://drive.google.com/file/d/1ClUefsol0C4bLZxbuVfevb5vmtqcwi_Z/view?usp=drivesdk
15/07/2026,237-07-2026,Chinoise,Casser,47,Livré,F-20260716-061822,https://drive.google.com/file/d/1vyf1J5ij-6rbIbzSydw38i5GRks3RYe_/view?usp=drivesdk
16/07/2026,238-07-2026,Mercy Ships,61-63gr,600,Livré,F-20260716-072459,https://drive.google.com/file/d/1IznOaT7GaORg9jv9CAB3vpDIkcs6PLkd/view?usp=drivesdk
16/07/2026,239-07-2026,Calypso,67-69gr,600,Livré,F-20260716-082856,https://drive.google.com/file/d/1TtbyJsOA-yHoxeaSpo9ynXWnYVp88Y_7/view?usp=drivesdk
16/07/2026,244-07-2026,Fasankarana,42-46gr,1,Livré,F-20260717-164220,https://drive.google.com/file/d/1U9wo671UVIjgptA95vsQKI8sEVLOGG6_/view?usp=drivesdk
16/07/2026,245-07-2026,Fasankarana,47-56gr,41,Livré,F-20260717-164333,https://drive.google.com/file/d/1rHRhIXQ8UNwmk-6bhOAxIV8bsJHEKOp6/view?usp=drivesdk
16/07/2026,246-07-2026,Angéline,47-56gr,300,Livré,F-20260717-164458,https://drive.google.com/file/d/1m4Bwu1Jr5EHKkVtyGvQqSX9ocvauyhzc/view?usp=drivesdk
16/07/2026,247-07-2026,CFC,57-60gr,1068,Livré,F-20260717-164620,https://drive.google.com/file/d/19AMNpGvdpWk29FwwXnnkuuq-xO5B5LFO/view?usp=drivesdk
16/07/2026,249-07-2026,Damaskôsy,61-63gr,627,Livré,F-20260717-164853,https://drive.google.com/file/d/1VIt4ym9tLo1sHghmV_rx3ZmrgYnMRX1_/view?usp=drivesdk
16/07/2026,251-07-2026,La Paillote,64-66gr,300,Livré,F-20260717-165001,https://drive.google.com/file/d/1BufPLETZlWMlcEn8K7zQXtFohhvru2i3/view?usp=drivesdk
16/07/2026,254-07-2026,Rahery,64-66gr,731,Livré,F-20260717-165158,https://drive.google.com/file/d/1OGFIOdv7bf3VQ2vqk2febgM29LXEQWN-/view?usp=drivesdk
16/07/2026,255-07-2026,Pompier,70-74gr,200,Livré,F-20260717-165318,https://drive.google.com/file/d/1L2RT4iAdUrPPXSEIqE9GX-nL-3WX_OIh/view?usp=drivesdk
16/07/2026,256-07-2026,Major Shop,70-74gr,266,Livré,F-20260717-165410,https://drive.google.com/file/d/1ygmE7Vwrzmttauw8GjRx0w5lrd3vUWSg/view?usp=drivesdk
16/07/2026,258-07-2026,EPP Tsiry,75gr +,99,Livré,F-20260717-165517,https://drive.google.com/file/d/16YNTZ8md1M6iiFLBAVYXoO0BTulU5YrE/view?usp=drivesdk
16/07/2026,268-07-2026,Jems,67-69gr,20,Livré,F-20260717-170926,https://drive.google.com/file/d/12JmdLAdcbsXvi2rBDbi_xtMDaOd2zCiw/view?usp=drivesdk
16/07/2026,259-07-2026,Lasopy,Casser,44,Livré,F-20260717-165639,https://drive.google.com/file/d/1EP4TcfozDlwSZYfs4QQn_LDUldkkVbw_/view?usp=drivesdk
17/07/2026,241-07-2026,Mercy Ships,61-63gr,600,Livré,F-20260717-065428,https://drive.google.com/file/d/1OI6P3-bmShHhtLAG67yqDiC3FxhGBZW_/view?usp=drivesdk
17/07/2026,261-07-2026,Linah,42-46gr,4,Livré,F-20260717-170515,https://drive.google.com/file/d/183YNHZXZbFgSPQy_dG39-6uaoQQSGjS0/view?usp=drivesdk
17/07/2026,262-07-2026,Linah,47-56gr,24,Livré,F-20260717-170704,https://drive.google.com/file/d/1tGjv7whxJpPTQ9BL1fEVcHDlyEtfEQAl/view?usp=drivesdk
17/07/2026,266-07-2026,Mr Mamy,47-56gr,400,Livré,F-20260717-170943,https://drive.google.com/file/d/1YokghVKc9ROfTsNuWe91UIB8TPuo6rUG/view?usp=drivesdk
17/07/2026,269-07-2026,Mr Mamy,57-60gr,1121,Livré,F-20260717-171100,https://drive.google.com/file/d/11tLk83mu3WxpQrfZe80ccXzMa0CAZYqf/view?usp=drivesdk
17/07/2026,271-07-2026,Adam&Eve,64-66gr,120,Livré,F-20260717-173240,https://drive.google.com/file/d/1ISkrS_cXsSKwHtB4SUTnA-_yVXmrSRqe/view?usp=drivesdk
17/07/2026,273-07-2026,La braise,67-69gr,150,Livré,F-20260717-173359,https://drive.google.com/file/d/1Gl3S1bKrAvRBUPU9rwI0PyMNOXiYp8wu/view?usp=drivesdk
17/07/2026,274-07-2026,ASGAR,64-66gr,30,Livré,F-20260717-173528,https://drive.google.com/file/d/1xGsCkpmlAAuTyH8mz1H1n3YUZFcAmM_M/view?usp=drivesdk
17/07/2026,276-07-2026,SASA,64-66gr,30,Livré,F-20260717-173957,https://drive.google.com/file/d/1cOXwusN4Pp5rU7B3z87CbfnWrzxHa5TX/view?usp=drivesdk
17/07/2026,277-07-2026,Rahery,64-66gr,869,Livré,F-20260717-174129,https://drive.google.com/file/d/13BkYQVtBPldZGEH8HR79Fgau1ul-g5OP/view?usp=drivesdk
17/07/2026,279-07-2026,Major Shop,70-74gr,300,Livré,F-20260717-174400,https://drive.google.com/file/d/1kTJXR2M-nQ9OtD5Gau8PiHYmR7MZ1hof/view?usp=drivesdk
17/07/2026,281-07-2026,EPP Tsiry,70-74gr,100,Livré,F-20260717-174506,https://drive.google.com/file/d/1pGcxP_vSX8O0ccz2t4ErG33JRYrKTQkr/view?usp=drivesdk
17/07/2026,283-07-2026,EPP Tsiry,75gr +,84,Livré,F-20260717-174627,https://drive.google.com/file/d/1VXKDY-qDJ89jJT4WDct-K0sIUU_01FaS/view?usp=drivesdk
17/07/2026,284-07-2026,Chinoise,Casser,54,Livré,F-20260717-174730,https://drive.google.com/file/d/1PUf_OjUzWPueH_r0oscgNazJrMOhwymn/view?usp=drivesdk
18/07/2026,285-07-2026,Mercy Ships,61-63gr,400,Livré,F-20260718-073711,https://drive.google.com/file/d/1g384fGqoa2NsuBDxbytuRv5Nqb1v4y1h/view?usp=drivesdk
18/07/2026,286-07-2026,Fasankarana,42-46gr,3,Livré,F-20260719-121136,https://drive.google.com/file/d/1Jkgrx0Mqp8kKWWuKM0N9UNq_PgUECdNc/view?usp=drivesdk
18/07/2026,287-07-2026,Fasankarana,47-56gr,56,Livré,F-20260719-121329,https://drive.google.com/file/d/16lJr4Lx0KCy38jjxiFVk4ize3YMbqC_l/view?usp=drivesdk
18/07/2026,289-07-2026,Angéline,47-56gr,350,Livré,F-20260719-121428,https://drive.google.com/file/d/18UEmtM9qC6cflvEpB43WEHA-xKmrKO9x/view?usp=drivesdk
18/07/2026,290-07-2026,CFC,57-60gr,1191,Livré,F-20260719-121637,https://drive.google.com/file/d/10FeVEIDBACFHsOjapTubcWh1d_4e6I6G/view?usp=drivesdk
18/07/2026,291-07-2026,Damaskôsy,61-63gr,758,Livré,F-20260719-121805,https://drive.google.com/file/d/1-obY_Duq5tl_LgO-vgX0K2InRRF5_451/view?usp=drivesdk
18/07/2026,292-07-2026,Rahery,64-66gr,628,Livré,F-20260719-121902,https://drive.google.com/file/d/18f2vTp6vYFWob7AiM0gAxjTZHlWWemOw/view?usp=drivesdk
19/07/2026,293-07-2026,Mercy Ships,61-63gr,450,Livré,F-20260719-122207,https://drive.google.com/file/d/1m6xrTDRF6FxjYtWKNaoOgYPlM0A4pkUF/view?usp=drivesdk
20/07/2026,295-07-2026,Mercy Ships,61-63gr,500,Livré,F-20260720-070859,https://drive.google.com/file/d/1LX84H49C1xDF1Qhei-NsDfpc3Adf3rRL/view?usp=drivesdk
20/07/2026,297-07-2026,Linah,42-46gr,7,Livré,F-20260720-182243,https://drive.google.com/file/d/1o_kVeDGx1gB6Fnq4LOT8HERKmaYVqkFK/view?usp=drivesdk
20/07/2026,298-07-2026,Linah,47-56gr,186,Livré,F-20260720-182351,https://drive.google.com/file/d/1SB7Yxul1jWp4uBgr4W0IUNO5kvBVKF_r/view?usp=drivesdk
20/07/2026,301-07-2026,Angéline,47-56gr,600,Livré,F-20260720-182813,https://drive.google.com/file/d/1P4vNocoZFuFtW7HGO8ub0ezrdw3kv7wA/view?usp=drivesdk
20/07/2026,302-07-2026,Mr Mamy,57-60gr,1300,Livré,F-20260720-182915,https://drive.google.com/file/d/1sVrFuNDKCGKnpW4BKeQf8jQxEcZhk4LD/view?usp=drivesdk
20/07/2026,305-07-2026,Nambinina,57-60gr,940,Livré,F-20260720-183011,https://drive.google.com/file/d/1OPb6uATaees_J7FUNXO7AzZag96xR819/view?usp=drivesdk
20/07/2026,306-07-2026,Damaskôsy,61-63gr,834,Livré,F-20260720-183233,https://drive.google.com/file/d/1HCDprYV8kcLES_o3Hx43vjWM2AtzsTB8/view?usp=drivesdk
20/07/2026,307-07-2026,La Paillote,64-66gr,300,Livré,F-20260720-183345,https://drive.google.com/file/d/1DdVWXpv47zjVGEyKBplZ16CnMC-v-Coa/view?usp=drivesdk
20/07/2026,310-07-2026,CFC,64-66gr,1200,Livré,F-20260720-183541,https://drive.google.com/file/d/1htCvw8_1Gmtm8p8V_KiAo3ny6f1yA-H9/view?usp=drivesdk
20/07/2026,311-07-2026,Ambohijafy,64-66gr,571,Livré,F-20260720-183754,https://drive.google.com/file/d/1A2P6ob5lAPHMJCm87DGNeV9WSavFrU5j/view?usp=drivesdk
20/07/2026,312-07-2026,Calypso,67-69gr,600,Livré,F-20260720-183916,https://drive.google.com/file/d/19QBm6z6tTYaKmtumbfh4melOmXqxwAzW/view?usp=drivesdk
20/07/2026,313-07-2026,Naivo,67-69gr,1000,Livré,F-20260720-184056,https://drive.google.com/file/d/1WUhfzXRlhqC4CPvSMVKDPeMb4bZP1ulZ/view?usp=drivesdk
20/07/2026,315-07-2026,Rahery,67-69gr,1158,Livré,F-20260720-184205,https://drive.google.com/file/d/1iGp5obsmI-Gzjrvsv3k4HIsQf6R5ylqf/view?usp=drivesdk
20/07/2026,316-07-2026,Major Shop,70-74gr,400,Livré,F-20260720-184345,https://drive.google.com/file/d/1pP42HfZNgV7dJqT75Y-NuI6HdYq8Vg8t/view?usp=drivesdk
20/07/2026,317-07-2026,Pompier,70-74gr,400,Livré,F-20260720-184506,https://drive.google.com/file/d/1Sv8VPMdSZJPXYYkPO2-FsOYBuqTATSM8/view?usp=drivesdk
20/07/2026,318-07-2026,EPP Tsiry,70-74gr,324,Livré,F-20260720-184804,https://drive.google.com/file/d/1YMQStGkGJlHTt-I_duEXPoYSGQrg9ZPU/view?usp=drivesdk
20/07/2026,319-07-2026,EPP Tsiry,75gr +,277,Livré,F-20260720-184919,https://drive.google.com/file/d/1OyyZJAdNfi5fAzuRAIw9OA9__MW9SzYn/view?usp=drivesdk
20/07/2026,320-07-2026,Chinoise,Casser,164,Livré,F-20260720-185015,https://drive.google.com/file/d/1mYbvr_Ayse0m0Z9WSUd3jENC6ylD52cR/view?usp=drivesdk
20/07/2026,322-07-2026,La Terrasse,61-63gr,30,Livré,F-20260720-091402,https://drive.google.com/file/d/1RzTm_UYL65zijZbPs1bTQQAYXczV5wHm/view?usp=drivesdk
21/07/2026,321-07-2026,Mercy Ships,61-63gr,450,Livré,F-20260721-065514,https://drive.google.com/file/d/1xjY6SLloHvNJhgcavXs3WwAlgaR24zmc/view?usp=drivesdk
21/07/2026,324-07-2026,La Terrasse,61-63gr,120,Livré,F-20260721-091517,https://drive.google.com/file/d/1UE-jzsFS3kGsm5NXI65hy4mwWqGDqTNu/view?usp=drivesdk
21/07/2026,326-07-2026,Linah,42-46gr,2,Livré,F-20260722-072333,https://drive.google.com/file/d/14fiPzg9zd0p9y1RRTY9JK7gYmlIQiosq/view?usp=drivesdk
21/07/2026,328-07-2026,Linah,47-56gr,46,Livré,F-20260722-072537,https://drive.google.com/file/d/1yRU93RmI7DAPsRzvJEbNPjZIlumTSsMY/view?usp=drivesdk
21/07/2026,329-07-2026,CFC,57-60gr,1049,Livré,F-20260722-072654,https://drive.google.com/file/d/1yOCmF6SjjTRkageFGyURTN5ojGradXvN/view?usp=drivesdk
21/07/2026,330-07-2026,Damaskôsy,61-63gr,679,Livré,F-20260722-073053,https://drive.google.com/file/d/1HK_UCZwlXE43AN--NLMsArbn7U3smjtL/view?usp=drivesdk
21/07/2026,331-07-2026,Rahery,64-66gr,663,Livré,F-20260722-073250,https://drive.google.com/file/d/1KPMteq35K3rVg3pqyHIF0edofpGeQJ2A/view?usp=drivesdk
21/07/2026,333-07-2026,Naivo,67-69gr,730,Livré,F-20260722-073339,https://drive.google.com/file/d/1SLOlRx91teKHo0QH_-leGIvO5NWGNoFH/view?usp=drivesdk
21/07/2026,335-07-2026,Major Shop,70-74gr,213,Livré,F-20260722-073618,https://drive.google.com/file/d/1jscorE2bo_S-_1aYekxJIw7GpxgpcvZW/view?usp=drivesdk
21/07/2026,336-07-2026,EPP Tsiry,75gr +,101,Livré,F-20260722-075402,https://drive.google.com/file/d/1GdchU_3jteidGD1pzYLqNLLS3mjW5g_Y/view?usp=drivesdk
22/07/2026,337-07-2026,Mercy Ships,61-63gr,540,Livré,F-20260722-082534,https://drive.google.com/file/d/1peMgwQnCugq7c5RNYClW_xZwlJd9Fd0s/view?usp=drivesdk
22/07/2026,338-07-2026,Fasankarana,42-46gr,3,Livré,F-20260723-071143,https://drive.google.com/file/d/1gswkzaqZaH-ZJGyqV827VuxukVrWIpdD/view?usp=drivesdk
22/07/2026,339-07-2026,Fasankarana,47-56gr,57,Livré,F-20260723-071312,https://drive.google.com/file/d/1GxYqni7CTb_Jtv_as63YTnWaxxZUdyTb/view?usp=drivesdk
22/07/2026,341-07-2026,Angéline,47-56gr,300,Livré,F-20260723-071430,https://drive.google.com/file/d/1y0xLTi7jqbIRYmIW5EjHqWaWQgmA8YXJ/view?usp=drivesdk
22/07/2026,342-07-2026,CFC,57-60gr,989,Livré,F-20260723-071521,https://drive.google.com/file/d/1HhvarlnYLOQ4MUbt985_eYpVNVB4uihR/view?usp=drivesdk
22/07/2026,343-07-2026,Damaskôsy,61-63gr,640,Livré,F-20260723-071745,https://drive.google.com/file/d/1FhDUtHubDQXOTr3gjGZLM7BhDHtZkKqu/view?usp=drivesdk
22/07/2026,345-07-2026,Rahery,64-66gr,1115,Livré,F-20260723-071857,https://drive.google.com/file/d/1qbDlW1kYELWlIPSNEhaTjSdFBAgK2u53/view?usp=drivesdk
22/07/2026,346-07-2026,Naivo,67-69gr,692,Livré,F-20260723-072000,https://drive.google.com/file/d/1YMrWNylfuYbJ_IzbzIZ2mWaL9DbuwaJz/view?usp=drivesdk
22/07/2026,348-07-2026,Major Shop,70-74gr,225,Livré,F-20260723-072128,https://drive.google.com/file/d/19Xnoq3K3CVGfgTS0aacODWJc8WraxrtY/view?usp=drivesdk
22/07/2026,349-07-2026,Pompier,70-74gr,200,Livré,F-20260723-072210,https://drive.google.com/file/d/1NbLuZ1LFbM9OpE6YiDKUymv8iPeHWc74/view?usp=drivesdk
22/07/2026,351-07-2026,EPP Tsiry,75gr +,94,Livré,F-20260723-072259,https://drive.google.com/file/d/1EYvNhI2pBqUHX1Fud74ZxwCFQEExXDBj/view?usp=drivesdk
22/07/2026,352-07-2026,Chinoise,Casser,59,Livré,F-20260723-072327,https://drive.google.com/file/d/17VeHgbEFl7m-BZ2Q6HQ2TOs_1cQg3m95/view?usp=drivesdk
23/07/2026,353-07-2026,Mercy Ships,61-63gr,540,Livré,F-20260723-074521,https://drive.google.com/file/d/1D-hBIWN4z0ZX34WLzEJPVYVSKFPjk0qg/view?usp=drivesdk
23/07/2026,354-07-2026,Linah,42-46gr,1,Livré,F-20260724-052426,https://drive.google.com/file/d/1ho4Llk3XrUFAV0DOqibEohLRprtwHQwY/view?usp=drivesdk
23/07/2026,356-07-2026,Linah,47-56gr,50,Livré,F-20260724-052502,https://drive.google.com/file/d/1S5GhUiny-KWCY5FmcL8Fmn6qzDBCOHpq/view?usp=drivesdk
23/07/2026,358-07-2026,Nambinina,47-56gr,300,Livré,F-20260724-052558,https://drive.google.com/file/d/1tdWScU5xq4rbzkBAo7KGf61YAEJxpUWo/view?usp=drivesdk
23/07/2026,360-07-2026,Mr Mamy,57-60gr,1050,Livré,F-20260724-052652,https://drive.google.com/file/d/1mr1Qsx5ooPrJma7MrL9b3stxHSiy9kzb/view?usp=drivesdk
23/07/2026,361-07-2026,Damaskôsy,61-63gr,702,Livré,F-20260724-052814,https://drive.google.com/file/d/1xuvvk3ifwP5paZxBM2x5Rbp-KyPXGCFA/view?usp=drivesdk
23/07/2026,362-07-2026,La Paillote,64-66gr,300,Livré,F-20260724-053043,https://drive.google.com/file/d/1kI321O7YORe1mh75Y46sgEBvRUvV4VFn/view?usp=drivesdk
23/07/2026,363-07-2026,Rahery,64-66gr,780,Livré,F-20260724-053121,https://drive.google.com/file/d/1DC2By-dk8zxqvLHL8xWKHWiGsR0OhcFm/view?usp=drivesdk
23/07/2026,365-07-2026,Naivo,67-69gr,711,Livré,F-20260724-053200,https://drive.google.com/file/d/1e58jfPgADYgXUG3rWuhhzi3Ulbv2xwlS/view?usp=drivesdk
23/07/2026,368-07-2026,Pompier,70-74gr,300,Livré,F-20260724-053248,https://drive.google.com/file/d/1OKzcaJnu9s2BwMJbjD88gZzmK--vymPR/view?usp=drivesdk
23/07/2026,370-07-2026,EPP Tsiry,70-74gr,106,Livré,F-20260724-053327,https://drive.google.com/file/d/17rImLfKrHa5OqGg5rNXXuZ_drOHHHa0j/view?usp=drivesdk
23/07/2026,371-07-2026,EPP Tsiry,75gr +,87,Livré,F-20260724-053347,https://drive.google.com/file/d/1i2ujtji3nLMo_-NSNfcXBFwNBTDU-VIT/view?usp=drivesdk
23/07/2026,372-07-2026,Lasopy,Casser,43,Livré,F-20260724-053433,https://drive.google.com/file/d/1mrkAhlTcTzj7XIE_IpnACBNK8CxqWP0t/view?usp=drivesdk
24/07/2026,374-07-2026,Leader Price,57-60gr,720,Livré,F-20260724-053801,https://drive.google.com/file/d/1cfR50CQdO8JKbf-wP4qdhFpZWBQKAjFX/view?usp=drivesdk
24/07/2026,375-07-2026,Mercy Ships,61-63gr,550,Livré,F-20260724-065058,https://drive.google.com/file/d/1hwlTMSkPYsM2JRpEQb9S78snpA6EVUda/view?usp=drivesdk
24/07/2026,376-07-2026,Fasankarana,42-46gr,5,Livré,F-20260724-173547,https://drive.google.com/file/d/1WkT7cAMHx5wToX-cjAnLav2qJeWqJ9DB/view?usp=drivesdk
24/07/2026,378-07-2026,Fasankarana,47-56gr,114,Livré,F-20260724-173701,https://drive.google.com/file/d/1Wts-PWNTNcl6UuD5r-tXphcLshsJCxXj/view?usp=drivesdk
24/07/2026,379-07-2026,Angéline,47-56gr,300,Livré,F-20260724-173757,https://drive.google.com/file/d/1A3ABwDFxU8u4bIwN9iefQbsTXgY0f9jk/view?usp=drivesdk
24/07/2026,381-07-2026,La Paillote,57-60gr,381,Livré,F-20260724-173917,https://drive.google.com/file/d/1I5iRSo26sXPcbXYOQegeqx3Tcqj1WgIH/view?usp=drivesdk
24/07/2026,382-07-2026,Damaskôsy,61-63gr,662,Livré,F-20260724-174131,https://drive.google.com/file/d/1BIAmMEGIquy_Cx2mnH9vsr9ReJFRrQBP/view?usp=drivesdk
24/07/2026,384-07-2026,Rahery,64-66gr,1069,Livré,F-20260724-174335,https://drive.google.com/file/d/1igfE-FfStQnFBnkhRRvhrNPrX34DiQE-/view?usp=drivesdk
24/07/2026,386-07-2026,Pâtisserie Monique,67-69gr,600,Livré,F-20260724-174518,https://drive.google.com/file/d/10MPRzfk_pMUbRatqmwS7A7ruP_uByOmU/view?usp=drivesdk
24/07/2026,387-07-2026,Relax,67-69gr,60,Livré,F-20260724-174646,https://drive.google.com/file/d/1qrHhWBUtCi_HBfFPoPoRkv3hdO-d5xbR/view?usp=drivesdk
24/07/2026,388-07-2026,Major Shop,70-74gr,359,Livré,F-20260724-175128,https://drive.google.com/file/d/1_3QvEWwZvXa5jagRgTqaDntzz32dVi51/view?usp=drivesdk
24/07/2026,389-07-2026,EPP Tsiry,75gr +,95,Livré,F-20260724-175312,https://drive.google.com/file/d/1Oj8b0YCdFVh8klGmwQwYuG-ZZ6I2GKnj/view?usp=drivesdk
24/07/2026,390-07-2026,Chinoise,Casser,43,Livré,F-20260724-175404,https://drive.google.com/file/d/1FJttSiCl1WkZDIydtRztAjvJJhN_eJD8/view?usp=drivesdk
25/07/2026,391-07-2026,Calypso,67-69gr,600,Livré,F-20260725-072630,https://drive.google.com/file/d/1E6qXTURWx_AnA-fmPv9HsAV1YOcdz7lt/view?usp=drivesdk
25/07/2026,392-07-2026,Mercy Ships,61-63gr,415,Livré,F-20260725-072718,https://drive.google.com/file/d/1L4TZd5EnRSHEMaIyGWu48ZIfGgMNF3jy/view?usp=drivesdk
25/07/2026,394-07-2026,Fasankarana,42-46gr,4,Livré,F-20260725-193514,https://drive.google.com/file/d/1P_YHjD0uwt3hFkmU2YdRfldWCHTRTK77/view?usp=drivesdk
25/07/2026,395-07-2026,Fasankarana,47-56gr,88,Livré,F-20260725-193612,https://drive.google.com/file/d/1TQNgWECfh7HHjmhvrGzqP4n3vzhFBA2v/view?usp=drivesdk
25/07/2026,397-07-2026,Angéline,47-56gr,300,Livré,F-20260725-193824,https://drive.google.com/file/d/1mSXiNWS0Xp80gOcRqf46V-EY-I8iIKNk/view?usp=drivesdk
25/07/2026,398-07-2026,CFC,57-60gr,1001,Livré,F-20260725-193949,https://drive.google.com/file/d/1nBlKqPLw5A96IFZyQLu_cRlNC4_Tf4aE/view?usp=drivesdk
25/07/2026,400-07-2026,Damaskôsy,61-63gr,767,Livré,F-20260725-194345,https://drive.google.com/file/d/1fM-HWLYYeY_l6uxMmewRqOujGYqMydhJ/view?usp=drivesdk
25/07/2026,401-07-2026,La Paillote,64-66gr,300,Livré,F-20260725-194607,https://drive.google.com/file/d/1er41m6newU9AGxwTSRu2SQYyHWv1kU94/view?usp=drivesdk
25/07/2026,402-07-2026,Rahery,64-66gr,783,Livré,F-20260725-194726,https://drive.google.com/file/d/17Xo3GPTjR28PpLLc12yj1POa8xYKZQu2/view?usp=drivesdk
25/07/2026,403-07-2026,Naivo,67-69gr,105,Livré,F-20260725-194901,https://drive.google.com/file/d/1KuKds4Bw9g-zvT5timUQ-uIlXuleiDdK/view?usp=drivesdk
25/07/2026,404-07-2026,Pompier,70-74gr,260,Livré,F-20260725-195021,https://drive.google.com/file/d/1d050WiqcIl9K1dL1wBws7TbqTGh5Wn_M/view?usp=drivesdk
25/07/2026,406-07-2026,Major Shop,70-74gr,200,Livré,F-20260725-195147,https://drive.google.com/file/d/1y1p0OXeiTb0E0X15zs2rcymDB6-SFv8j/view?usp=drivesdk
25/07/2026,407-07-2026,EPP Tsiry,75gr +,97,Livré,F-20260725-195237,https://drive.google.com/file/d/1gM9xtlL7AXSoBbVoZ15R0xalw_G6lfwV/view?usp=drivesdk
25/07/2026,409-07-2026,Chinoise,Casser,42,Livré,F-20260725-195312,https://drive.google.com/file/d/1ILIoZ5i5XfyPJDHb8uWYCSMM8YiBkfIg/view?usp=drivesdk
26/07/2026,410-07-2026,Mercy Ships,61-63gr,520,Livré,F-20260726-110304,https://drive.google.com/file/d/1BJ_f5Pkh7w0uROuNKWwRvJwR02hyCGL_/view?usp=drivesdk
27/07/2026,412-07-2026,Mercy Ships,61-63gr,500,Livré,F-20260727-080712,https://drive.google.com/file/d/1SDKo05sgKdDk-iekCDV-g7tPo-A2IV_W/view?usp=drivesdk
27/07/2026,415-07-2026,Fasankarana,42-46gr,5,Livré,F-20260728-065641,https://drive.google.com/file/d/1sIyU5iPZbs_yRimJQh6V12dpSOqmJJEM/view?usp=drivesdk
27/07/2026,416-07-2026,Fasankarana,47-56gr,56,Livré,F-20260728-065728,https://drive.google.com/file/d/1Z-xAVZmB2X22GVwTXcieeBczQX09KdW4/view?usp=drivesdk
27/07/2026,418-07-2026,Angéline,47-56gr,300,Livré,F-20260728-065836,https://drive.google.com/file/d/1iflINpWBKv3X-Tds08l7gxnMFdpBImta/view?usp=drivesdk
27/07/2026,419-07-2026,Nambinina,47-56gr,400,Livré,F-20260728-070020,https://drive.google.com/file/d/1DlbtHujdd4xVdmHZxBvjvAcNpqZjVroP/view?usp=drivesdk
27/07/2026,420-07-2026,Mangarano,57-60gr,1300,Livré,F-20260728-070112,https://drive.google.com/file/d/1AaAqP6-lJZLtcHtjAaGfMzP0GTFIaZKj/view?usp=drivesdk
27/07/2026,422-07-2026,Tanambao V,57-60gr,722,Livré,F-20260728-070227,https://drive.google.com/file/d/1qM0hxa12-V52Fbqnw0Qbs5euY8RPux_S/view?usp=drivesdk
27/07/2026,424-07-2026,CFC,61-63gr,1300,Livré,F-20260728-070317,https://drive.google.com/file/d/1Ll8GA4i2hZe-LPvS1sdp0xh2MaZU8f2j/view?usp=drivesdk
27/07/2026,426-07-2026,Relax,61-63gr,204,Livré,F-20260728-070356,https://drive.google.com/file/d/1nuWIUdBGd9l7FseGjI5Sv5OuWlMJxOa4/view?usp=drivesdk
27/07/2026,427-07-2026,Rahery,64-66gr,1300,Livré,F-20260728-070455,https://drive.google.com/file/d/13N2XqPDHQaZpq9m6O9UNcD7Ydyy-s6wh/view?usp=drivesdk
27/07/2026,429-07-2026,Jirama,64-66gr,876,Livré,F-20260728-070547,https://drive.google.com/file/d/1rgYXMeqowU0xmu21JoU7bIWb78scCwIr/view?usp=drivesdk
27/07/2026,431-07-2026,Naivo,67-69gr,1200,Livré,F-20260728-070656,https://drive.google.com/file/d/1axKREtLj2ZOXfwOE9SbeSSzOUFJkn70w/view?usp=drivesdk
27/07/2026,433-07-2026,Pompier,70-74gr,300,Livré,F-20260728-070803,https://drive.google.com/file/d/1EHcjELpNukET865o__AprM0Sko8lV4tp/view?usp=drivesdk
27/07/2026,435-07-2026,Major Shop,70-74gr,400,Livré,F-20260728-070845,https://drive.google.com/file/d/1WZByHOJFxzhVcSgeYFMUcpgdULBqsSJL/view?usp=drivesdk
27/07/2026,437-07-2026,EPP Tsiry,70-74gr,170,Livré,F-20260728-070930,https://drive.google.com/file/d/15GDdg4MWnK-GZeOtCf_xQ0JtNL7gcvgb/view?usp=drivesdk
27/07/2026,439-07-2026,EPP Tsiry,75gr +,188,Livré,F-20260728-071004,https://drive.google.com/file/d/1TGWCgoUMbA1DJJTLYrIAnhsB-BSAr4Dc/view?usp=drivesdk
27/07/2026,441-07-2026,Chinoise,Casser,57,Livré,F-20260728-071100,https://drive.google.com/file/d/1UVH46Wm0v8H7MZ7xx56MoEb9YCFy-TX2/view?usp=drivesdk
28/07/2026,443-07-2026,Mercy Ships,61-63gr,620,Livré,F-20260728-073812,https://drive.google.com/file/d/1PVxNipghZgRF6v3X5lmmpgfkLSgsUs0f/view?usp=drivesdk
28/07/2026,445-07-2026,Calypso,67-69gr,600,Livré,F-20260728-073903,https://drive.google.com/file/d/1fSoWsdScH9w7tMe6P5_0hCZHOKcrK_0v/view?usp=drivesdk
28/07/2026,446-07-2026,Linah,42-46gr,3,Livré,F-20260729-075020,https://drive.google.com/file/d/1bnmtzn_TltBw_IEc5GG8FAdbr5J8zoaI/view?usp=drivesdk
28/07/2026,447-07-2026,Linah,47-56gr,45,Livré,F-20260729-075126,https://drive.google.com/file/d/14TviM84-yfDLkCSsqSm4lTQ53-YYP4v9/view?usp=drivesdk
28/07/2026,449-07-2026,Angéline,47-56gr,300,Livré,F-20260729-075415,https://drive.google.com/file/d/1-KJMnrdUA1kysPlhvBGe2ko0Ssj_A9C2/view?usp=drivesdk
28/07/2026,450-07-2026,Mr Mamy,57-60gr,1042,Livré,F-20260729-082445,https://drive.google.com/file/d/1pOXH-WbYsvj1X98YPGgJN_tToZci0boi/view?usp=drivesdk
28/07/2026,452-07-2026,Mr Mamy,64-66gr,1084,Livré,F-20260729-082521,https://drive.google.com/file/d/1cTLk9Kw53Nx8Cf9RnyaA52rpGElXfTlP/view?usp=drivesdk
28/07/2026,453-07-2026,CFC,61-63gr,624,Livré,F-20260729-082734,https://drive.google.com/file/d/1Z4CzFUjBOHMWyataWRN2hPaEOBCOMFms/view?usp=drivesdk
28/07/2026,454-07-2026,Naivo,67-69gr,380,Livré,F-20260729-082814,https://drive.google.com/file/d/1B_B3DydZFUtQ5dmCWsCh9t0kTrzTQR_q/view?usp=drivesdk
28/07/2026,456-07-2026,Pompier,70-74gr,207,Livré,F-20260729-082936,https://drive.google.com/file/d/1SlN8nXJAZatS7eF9schNzhbUOS6FkxJR/view?usp=drivesdk
28/07/2026,457-07-2026,Major Shop,70-74gr,200,Livré,F-20260729-083346,https://drive.google.com/file/d/1-L5LE9PoY_jyzlWZttp-5ollDHdkVz5f/view?usp=drivesdk
28/07/2026,459-07-2026,EPP Tsiry,75gr +,90,Livré,F-20260729-083726,https://drive.google.com/file/d/1i7La9-2i1qfR0--RCUZDDFj4hi9oTxsv/view?usp=drivesdk
28/07/2026,461-07-2026,Lasopy,Casser,43,Livré,F-20260729-083846,https://drive.google.com/file/d/1JyDhlP_jxA9I3K0OzzYH16CKU4RqzMOG/view?usp=drivesdk
29/07/2026,462-07-2026,Mercy Ships,61-63gr,650,Livré,F-20260729-084242,https://drive.google.com/file/d/1TfFqV266w7awxwg7npVYeEH1tlWLWHur/view?usp=drivesdk
29/07/2026,464-07-2026,Linah,42-46gr,2,Livré,F-20260730-075451,https://drive.google.com/file/d/1IMgex9gwGz0lpyb8RHhDkq1iTjny4IW7/view?usp=drivesdk
29/07/2026,465-07-2026,Linah,47-56gr,101,Livré,F-20260730-075626,https://drive.google.com/file/d/1VLKV9oy59NeVUseWVuRLvPjRGiO8Reix/view?usp=drivesdk
29/07/2026,466-07-2026,Angéline,47-56gr,200,Livré,F-20260730-075707,https://drive.google.com/file/d/1xsssJvDmfo2GcmiHIZapIvNcOrC6wDtm/view?usp=drivesdk
29/07/2026,468-07-2026,CFC,57-60gr,1006,Livré,F-20260730-075753,https://drive.google.com/file/d/1V3uaBM6EudF3X8s66uBqz-o6aCOO9BKw/view?usp=drivesdk
29/07/2026,469-07-2026,Nambinina,61-63gr,555,Livré,F-20260730-081346,https://drive.google.com/file/d/1cQ2D7jbDnx02r5qscL4HQZtMMLV0jmYC/view?usp=drivesdk
29/07/2026,470-07-2026,Rahery,64-66gr,1075,Livré,F-20260730-081456,https://drive.google.com/file/d/1uDPjfS9HCdzRXC2ESeBV5RgDZrs_XdIB/view?usp=drivesdk
29/07/2026,472-07-2026,Naivo,67-69gr,774,Livré,F-20260730-081759,https://drive.google.com/file/d/1mwlDd82V1uPqWvmclVofCvh83isX-BaT/view?usp=drivesdk
29/07/2026,474-07-2026,Major Shop,70-74gr,290,Livré,F-20260730-082112,https://drive.google.com/file/d/15hyNv46QhE3-6OTzobCPD-bIjbsC8cjZ/view?usp=drivesdk
29/07/2026,476-07-2026,Pompier,70-74gr,200,Livré,F-20260730-082202,https://drive.google.com/file/d/1UUKtJO02gfZywyC0vVAOjfbRllGjAqlS/view?usp=drivesdk
29/07/2026,477-07-2026,EPP Tsiry,75gr +,94,Livré,F-20260730-082256,https://drive.google.com/file/d/1DY0vWBhgmv3FA8hdv6o77KlKcO4Yc8q1/view?usp=drivesdk
29/07/2026,478-07-2026,Chinoise,Casser,35,Livré,F-20260730-082346,https://drive.google.com/file/d/1nlyTu0sTQH92Sp6m1a6D4sySfaArLsJ9/view?usp=drivesdk
30/07/2026,479-07-2026,Mercy Ships,61-63gr,620,Livré,F-20260730-083726,https://drive.google.com/file/d/1emp9AVtTZq5yHNk-AwYUCu1Ly0k2m7wE/view?usp=drivesdk
30/07/2026,480-07-2026,Fasankarana,42-46gr,2,Livré,F-20260731-082420,https://drive.google.com/file/d/1_nm3-ruVHaHtKvG1qTszfOZgGfEgPTP2/view?usp=drivesdk
30/07/2026,482-07-2026,Fasankarana,47-56gr,91,Livré,F-20260731-082612,https://drive.google.com/file/d/1qP7H0y9rBkxB7vZvgEwwLwTZVS3im4EA/view?usp=drivesdk
30/07/2026,484-07-2026,Angéline,47-56gr,300,Livré,F-20260731-082654,https://drive.google.com/file/d/1GM-dTOW6X15i0gcMmKFzbpd7Dl6KNPQM/view?usp=drivesdk
30/07/2026,486-07-2026,CFC,57-60gr,1105,Livré,F-20260731-082807,https://drive.google.com/file/d/1yiMg1RDBIsH8WmFKmcCSLXpcM-RYBKB-/view?usp=drivesdk
30/07/2026,488-07-2026,Damaskôsy,61-63gr,608,Livré,F-20260731-082914,https://drive.google.com/file/d/1gqgnhQkPHMSnAhHSjA2Ny5yRw0xEI8EV/view?usp=drivesdk
30/07/2026,490-07-2026,Rahery,64-66gr,1043,Livré,F-20260731-083012,https://drive.google.com/file/d/1NIhHeoiITyvICjfT4xeHHwZoU646Oikn/view?usp=drivesdk
30/07/2026,492-07-2026,Naivo,67-69gr,687,Livré,F-20260731-083329,https://drive.google.com/file/d/1azEPRCXf3M6ODSmtgQA8Vgv1fvjjr9OD/view?usp=drivesdk
30/07/2026,493-07-2026,Major Shop,70-74gr,385,Livré,F-20260731-083414,https://drive.google.com/file/d/1hNsmOfJXZDTUn5PW1bEMH8IsnYExKi-1/view?usp=drivesdk
30/07/2026,495-07-2026,EPP Tsiry,75gr +,113,Livré,F-20260731-083526,https://drive.google.com/file/d/1mmZsGUqsqp6AM56Qjoq_Rb4vlhZVFz6S/view?usp=drivesdk
30/07/2026,497-07-2026,Lasopy,Casser,32,Livré,F-20260731-083619,https://drive.google.com/file/d/1G4wWs3W3e1kmKgOmWtsuMKk9LGMau9W8/view?usp=drivesdk
31/07/2026,499-07-2026,Mercy Ships,61-63gr,580,Livré,F-20260731-085844,https://drive.google.com/file/d/1ZmfH54W9K6APliKrnZ0cWAEVrz8h-2m2/view?usp=drivesdk
31/07/2026,501-07-2026,Calypso,67-69gr,600,Livré,F-20260731-090357,https://drive.google.com/file/d/1-o3kj7Sa40cXwxMRHN6qV6JqWb8_flMv/view?usp=drivesdk
31/07/2026,502-07-2026,La Terrasse,61-63gr,150,Livré,F-20260731-093120,https://drive.google.com/file/d/1K7kj0tOmR8T-0n0osG_QQj0THP5b3GwP/view?usp=drivesdk
31/07/2026,503-07-2026,Fasankarana,47-56gr,122,Livré,F-20260801-073853,https://drive.google.com/file/d/1pmny2FZX4FokNZDzocI_HmFe4fjb4Mj1/view?usp=drivesdk
31/07/2026,506-07-2026,Zoky Jo,47-56gr,120,Livré,F-20260801-082659,https://drive.google.com/file/d/1hQS6ToKD-mLSGLA-HaNU0ORwXqJjmL-7/view?usp=drivesdk
31/07/2026,508-07-2026,Angéline,47-56gr,300,Livré,F-20260801-082731,https://drive.google.com/file/d/1ev0xomZgr7NsSsDaq_rLnOKBBbK_aC1L/view?usp=drivesdk
31/07/2026,509-07-2026,CFC,57-60gr,1231,Livré,F-20260801-082810,https://drive.google.com/file/d/1TMn_fcbq5qXyfWs4i1qBXwCKz9u7x0D4/view?usp=drivesdk
31/07/2026,511-07-2026,Damaskôsy,61-63gr,465,Livré,F-20260801-082926,https://drive.google.com/file/d/13Rgjb4OSRLg9ltGMVlqgsixdPvEl4ZXe/view?usp=drivesdk
31/07/2026,514-07-2026,Rahery,64-66gr,925,Livré,F-20260801-083026,https://drive.google.com/file/d/1MzeutOMKejD-vTCAjmGEvuh06Y6XGAbV/view?usp=drivesdk
31/07/2026,516-07-2026,Major Shop,70-74gr,364,Livré,F-20260801-084215,https://drive.google.com/file/d/1QN_BzdFqyEjhMe3kRadZTB3uPx_gO9p1/view?usp=drivesdk
31/07/2026,517-07-2026,EPP Tsiry,75gr +,73,Livré,F-20260801-084312,https://drive.google.com/file/d/19TOFuriwnozLKEXX7uV57792oP_2qECj/view?usp=drivesdk
31/07/2026,518-07-2026,Chinoise,Casser,46,Livré,F-20260801-084359,https://drive.google.com/file/d/1cPIqQdelJKvKiSr71nZXKbDdt1kt7OTz/view?usp=drivesdk
01/08/2026,003-08-2026,Mercy Ships,61-63gr,408,Livré,F-20260801-083358,https://drive.google.com/file/d/1xKdJPbCCu9f34-1XWYMH02br2GOiLWBE/view?usp=drivesdk
01/08/2026,004-08-2026,Adam&Eve,57-60gr,150,Livré,F-20260801-083433,https://drive.google.com/file/d/1__XjAEgCbgpUNs2-0dIqfreMDoBtz942/view?usp=drivesdk
01/08/2026,005-08-2026,Linah,42-46gr,3,Livré,F-20260802-133216,https://drive.google.com/file/d/1oYOLfNE2Rl5xHlsCasdVDjHbzurMVFTr/view?usp=drivesdk
01/08/2026,006-08-2026,Linah,47-56gr,109,Livré,F-20260802-133300,https://drive.google.com/file/d/1f5Z_pn4VBlM4xVeXie22Dgatwg72OIGl/view?usp=drivesdk
01/08/2026,007-08-2026,Angéline,47-56gr,400,Livré,F-20260802-133423,https://drive.google.com/file/d/1_UpktqZ3qpM5JjLLO5IF2vaGAl7maNjq/view?usp=drivesdk
01/08/2026,008-08-2026,Sainte Marie,57-60gr,1071,Livré,F-20260802-133520,https://drive.google.com/file/d/1tKq4xIkhfhqi5pCtKZ7MvSw-x0Hmten1/view?usp=drivesdk
01/08/2026,009-08-2026,CFC,61-63gr,795,Livré,F-20260802-133606,https://drive.google.com/file/d/12zbvkU_yRbg7N7khFXtSRpPy49oIqnlT/view?usp=drivesdk
01/08/2026,012-08-2026,Rahery,64-66gr,991,Livré,F-20260803-042214,https://drive.google.com/file/d/1ZlSLa9BXgjnuJApRvM87xYfkjWO92vXf/view?usp=drivesdk
01/08/2026,013-08-2026,Naivo,67-69gr,558,Livré,F-20260803-042320,https://drive.google.com/file/d/1PItWaNnBc-Y0CHZdgRIM74Jua_-jvpPx/view?usp=drivesdk
01/08/2026,014-08-2026,Major Shop,70-74gr,375,Livré,F-20260803-042416,https://drive.google.com/file/d/13M1Oi1urbxyzWB_jcJJDTbST0EQ39UsB/view?usp=drivesdk
01/08/2026,015-08-2026,EPP Tsiry,75gr +,74,Livré,F-20260803-042459,https://drive.google.com/file/d/10cucSMDa2KeO_JGag8nRwFuoy7Vayn75/view?usp=drivesdk
01/08/2026,017-08-2026,Chinoise,Casser,47,Livré,F-20260803-042536,https://drive.google.com/file/d/15SgwEr_XrkOVINGnXMAwng5Y4kDBZO5V/view?usp=drivesdk
02/08/2026,010-08-2026,Mercy Ships,61-63gr,530,Livré,F-20260802-133821,https://drive.google.com/file/d/1w4CJ0l9IH6KxFFZS9MTF98rVhjLGvLlK/view?usp=drivesdk
03/08/2026,018-08-2026,Mercy Ships,61-63gr,520,Livré,F-20260803-074546,https://drive.google.com/file/d/1m4ooZHklBS_669i1GQn8czCsfrH3k0SU/view?usp=drivesdk
03/08/2026,020-08-2026,La Terrasse,61-63gr,150,Livré,F-20260803-075259,https://drive.google.com/file/d/1uRQ5V_veN9dnkBQX4qXdt7ublm_z0LlC/view?usp=drivesdk
03/08/2026,022-08-2026,Fasankarana,42-46gr,9,Livré,F-20260804-064657,https://drive.google.com/file/d/1HeYxiFMkDDwMylSl5cG_uu0rbunR3RrT/view?usp=drivesdk
03/08/2026,023-08-2026,Fasankarana,47-56gr,45,Livré,F-20260804-064748,https://drive.google.com/file/d/15-qAlL-zbGa60AjPi2_jIh5I_HzdiEe4/view?usp=drivesdk
03/08/2026,024-08-2026,Nambinina,47-56gr,400,Livré,F-20260804-064845,https://drive.google.com/file/d/1h3Gj4OiRP5RWlwSUUJkJbNArTl6YAeoH/view?usp=drivesdk
03/08/2026,025-08-2026,Angéline,47-56gr,400,Livré,F-20260804-064944,https://drive.google.com/file/d/1XUM5tX7_zHG0SMdY6pqaP9yiMNe-HEEh/view?usp=drivesdk
03/08/2026,026-08-2026,Mr Mamy,57-60gr,1300,Livré,F-20260804-065051,https://drive.google.com/file/d/1Avxr7DOginz78MWOc88PCCF5dRBHb5rU/view?usp=drivesdk
03/08/2026,028-08-2026,Damaskôsy,57-60gr,1092,Livré,F-20260804-065156,https://drive.google.com/file/d/1mfSagDuu9i9TKbywLiOXV4AxwU47cDYK/view?usp=drivesdk
03/08/2026,030-08-2026,CFC,61-63gr,1196,Livré,F-20260804-065518,https://drive.google.com/file/d/1TT8Ka3uobVNH1U9u6aKgl5WuTNTGnwm4/view?usp=drivesdk
03/08/2026,033-08-2026,Rahery,64-66gr,1300,Livré,F-20260804-065612,https://drive.google.com/file/d/1tsWUMbuqMndSq1KSrHErlNH037W7_KLi/view?usp=drivesdk
03/08/2026,034-08-2026,La Paillote,64-66gr,300,Livré,F-20260804-065748,https://drive.google.com/file/d/1HWjkfNtn5WniCAQnoKp1BTdNiq96IAYj/view?usp=drivesdk
03/08/2026,035-08-2026,SASA,64-66gr,30,Livré,F-20260804-065840,https://drive.google.com/file/d/17SSlQDtjkQbsT7Tnk2EG0V78jA9Rbian/view?usp=drivesdk
03/08/2026,036-08-2026,Relax,64-66gr,451,Livré,F-20260804-065936,https://drive.google.com/file/d/15FnqEiKnqpwa80tonAEEPqQ3lfVojkb0/view?usp=drivesdk
03/08/2026,038-08-2026,Patisserie Wong,67-69gr,251,Livré,F-20260804-071418,https://drive.google.com/file/d/1SC-2Nt7O661I4rXzYLFpUB13W2DG3B5u/view?usp=drivesdk
03/08/2026,039-08-2026,Naivo,67-69gr,800,Livré,F-20260804-071922,https://drive.google.com/file/d/14dbX85LD71UE4krZdy8hChKX_Qn4Jw8e/view?usp=drivesdk
03/08/2026,040-08-2026,Pompier,70-74gr,400,Livré,F-20260804-071956,https://drive.google.com/file/d/1RUq4AtOrf5SzEoQ116RLDWjp3iBJhZBt/view?usp=drivesdk
03/08/2026,042-08-2026,Major Shop,70-74gr,339,Livré,F-20260804-072703,https://drive.google.com/file/d/1adPMLwOTinAScB5ePCFnFXyKY3GvuFOj/view?usp=drivesdk
03/08/2026,044-08-2026,EPP Tsiry,75gr +,192,Livré,F-20260804-072755,https://drive.google.com/file/d/147jTj-6npf4tI9p5J9Q9hLGx4KSsiJ8G/view?usp=drivesdk
03/08/2026,045-08-2026,Chinoise,Casser,90,Livré,F-20260804-072832,https://drive.google.com/file/d/1Hertve6-msydNPPTyxJU-Oy0RPsVy_Oj/view?usp=drivesdk
04/08/2026,046-08-2026,Mercy Ships,61-63gr,570,Livré,F-20260804-073334,https://drive.google.com/file/d/1ebZMu8rKbXXbijLV9EejxbUiYZdIwRpt/view?usp=drivesdk
04/08/2026,047-08-2026,Leader Price,57-60gr,840,Livré,F-20260804-073620,https://drive.google.com/file/d/1hfLD8kONGI7Q1Dfs5Buqgo1m4uxvK2z_/view?usp=drivesdk
04/08/2026,048-08-2026,La braise,67-69gr,120,Livré,F-20260804-074131,https://drive.google.com/file/d/1pDHrRbRc517yaXHvKKWzh_hHyNHif4jX/view?usp=drivesdk
04/08/2026,049-08-2026,Linah,42-46gr,1,Livré,F-20260805-080809,https://drive.google.com/file/d/1-rjiByFjstNLYJRGYhvxb_nEHWa1JssF/view?usp=drivesdk
04/08/2026,050-08-2026,Linah,47-56gr,72,Livré,F-20260805-080851,https://drive.google.com/file/d/1mqUCoz5CAWJl3FW7WlusErhpL7EOJEY5/view?usp=drivesdk
04/08/2026,053-08-2026,Angéline,47-56gr,200,Livré,F-20260805-080934,https://drive.google.com/file/d/1hpJhmpYEGoSYlkVnCaoZCstnGOBqFN5N/view?usp=drivesdk
04/08/2026,056-08-2026,Valpinson,57-60gr,168,Livré,F-20260805-081041,https://drive.google.com/file/d/17SJsQWsXX-fIbVQB3gPPpc5SjIqHOKo7/view?usp=drivesdk
04/08/2026,058-08-2026,Otiv,61-63gr,569,Livré,F-20260805-081136,https://drive.google.com/file/d/1s3WvWcqyrDHHITGELrvcTqz2OO0Exh3o/view?usp=drivesdk
04/08/2026,060-08-2026,Rahery,64-66gr,1042,Livré,F-20260805-081226,https://drive.google.com/file/d/1dDyhRJCgcWagxXmpO7nLST3RBEjrxdjL/view?usp=drivesdk
04/08/2026,061-08-2026,Naivo,67-69gr,889,Livré,F-20260805-081328,https://drive.google.com/file/d/1VAM34mUOKaJQaHd9A2qc2Py37xSkxUai/view?usp=drivesdk
04/08/2026,062-08-2026,Major Shop,70-74gr,290,Livré,F-20260805-081444,https://drive.google.com/file/d/1A5EpI6oTFsoL8tjwCETK8CmakyRavsEC/view?usp=drivesdk
04/08/2026,065-08-2026,Pompier,70-74gr,200,Livré,F-20260805-081512,https://drive.google.com/file/d/1z-OwM6AI9ZQgDb-hv7k9aOwilYlyJHAg/view?usp=drivesdk
04/08/2026,067-08-2026,EPP Tsiry,75gr +,139,Livré,F-20260805-081600,https://drive.google.com/file/d/1quPjInXh5gavc89Rz7TlR1GWom9YRL7n/view?usp=drivesdk
04/08/2026,069-08-2026,Lasopy,Casser,40,Livré,F-20260805-081650,https://drive.google.com/file/d/189YzZeWX3zRiUpD_o_wIEafQf5rrO54d/view?usp=drivesdk
05/08/2026,070-08-2026,Mercy Ships,61-63gr,515,Livré,F-20260805-082200,https://drive.google.com/file/d/1TjyzBbbuMeZv3odJfiZ5LrgO_GFVgj3N/view?usp=drivesdk
05/08/2026,071-08-2026,La Terrasse,57-60gr,150,Livré,F-20260805-082421,https://drive.google.com/file/d/1CrO0Re5KIoaTwnBUy-ku-ULqrdiVWOCM/view?usp=drivesdk
05/08/2026,073-08-2026,Linah,42-46gr,4,Livré,F-20260806-043757,https://drive.google.com/file/d/1K8kEp6tghF1sDMQGD8sGcFM_8GNCDP3a/view?usp=drivesdk
05/08/2026,074-08-2026,Linah,47-56gr,117,Livré,F-20260806-043923,https://drive.google.com/file/d/1r31UjR-1jAvwGgEKm2PHv4a_y-xnrxOx/view?usp=drivesdk
05/08/2026,075-08-2026,Angéline,47-56gr,200,Livré,F-20260806-044103,https://drive.google.com/file/d/1TSVheypp74rJDLj_XppaSu_iTX2Lu8oo/view?usp=drivesdk
05/08/2026,077-08-2026,CFC,57-60gr,862,Livré,F-20260806-044218,https://drive.google.com/file/d/1tkio2dUx0vgrua0Wapn4Z8c1XJiD-UXy/view?usp=drivesdk
05/08/2026,078-08-2026,Patisserie Wong,61-63gr,120,Livré,F-20260806-044358,https://drive.google.com/file/d/1F3vcKrjmhXtHIlTnNaLNJMIzZKWOAbzR/view?usp=drivesdk
05/08/2026,080-08-2026,Damaskôsy,61-63gr,578,Livré,F-20260806-044511,https://drive.google.com/file/d/1lNGFEbAjZx7lMPGLK-Gz3rRnPLu7Y8eD/view?usp=drivesdk
05/08/2026,082-08-2026,Rahery,64-66gr,1097,Livré,F-20260806-044851,https://drive.google.com/file/d/1SSagFMm0zBy3LtWrnd5GFSLPc2VFA7Da/view?usp=drivesdk
05/08/2026,084-08-2026,Naivo,67-69gr,728,Livré,F-20260806-045026,https://drive.google.com/file/d/1n96KUOJU9RMAHULY9o8LDwkYyHOnmluv/view?usp=drivesdk
05/08/2026,086-08-2026,Major Shop,70-74gr,266,Livré,F-20260806-045539,https://drive.google.com/file/d/1n_7k6IpIIiG1MJVEYcFUlzxZEYHhDero/view?usp=drivesdk
05/08/2026,087-08-2026,Pompier,70-74gr,200,Livré,F-20260806-045644,https://drive.google.com/file/d/1i-XvXeOJUvJVqk0C4YH0hvCQYdb07sal/view?usp=drivesdk
05/08/2026,088-08-2026,EPP Tsiry,75gr +,115,Livré,F-20260806-045753,https://drive.google.com/file/d/1UNEBzld5BnG0krXOl88wuUBOo5NxIIGk/view?usp=drivesdk
05/08/2026,089-08-2026,Chinoise,Casser,39,Livré,F-20260806-045933,https://drive.google.com/file/d/1HH8z_tDd506BI6OV0db6COCqbZkWer-h/view?usp=drivesdk
06/08/2026,090-08-2026,Mercy Ships,61-63gr,450,Livré,F-20260806-075904,https://drive.google.com/file/d/1uQwvB8jpPypiKvnwxdjaBo9XhpqU3NnW/view?usp=drivesdk
06/08/2026,091-08-2026,Masteva,67-69gr,150,Livré,F-20260806-143852,https://drive.google.com/file/d/1fhnVEhTNYMJpScH9qktR0Xy_nkwdoHzX/view?usp=drivesdk
06/08/2026,092-08-2026,Leader Price,57-60gr,1260,Livré,F-20260807-051816,https://drive.google.com/file/d/10l8Ny7PI61n9tQKUwgJ88rO4TD9_T_62/view?usp=drivesdk
06/08/2026,093-08-2026,Angéline,47-56gr,340,Livré,F-20260807-052607,https://drive.google.com/file/d/1k3qyHsBqROM0_N6GTTVuSCZxs9giawnd/view?usp=drivesdk
06/08/2026,096-08-2026,Damaskôsy,61-63gr,771,Livré,F-20260807-052905,https://drive.google.com/file/d/1pGOM58t8-pTJE4Cgbf53cMFe-tzH9Se6/view?usp=drivesdk
06/08/2026,097-08-2026,Rahery,64-66gr,986,Livré,F-20260807-053002,https://drive.google.com/file/d/12r4ShR0IRKFjvUOSoSVJWBmu1W8M-4O3/view?usp=drivesdk
06/08/2026,098-08-2026,Naivo,67-69gr,631,Livré,F-20260807-053430,https://drive.google.com/file/d/1gal1Vedi8XE667jOzwHaqvFaXNnwweiO/view?usp=drivesdk
06/08/2026,101-08-2026,Major Shop,70-74gr,397,Livré,F-20260807-053532,https://drive.google.com/file/d/11p73-7LAgCiXW2rrFV2SnyfFEJrqm4sr/view?usp=drivesdk
06/08/2026,102-08-2026,EPP Tsiry,75gr +,91,Livré,F-20260807-053608,https://drive.google.com/file/d/1PPjGmIlIPc2vRvBGKWjZ-IUxP5DGr0ql/view?usp=drivesdk
06/08/2026,103-08-2026,Lasopy,Casser,61,Livré,F-20260807-053715,https://drive.google.com/file/d/1r1buAnOvne2wD--foRqfT8IIUl-VW44i/view?usp=drivesdk
07/08/2026,106-08-2026,Calypso,67-69gr,600,Livré,F-20260807-053759,https://drive.google.com/file/d/1IVXoYsAINRXFPIPmz3RYbDt3afD-vjkQ/view?usp=drivesdk
07/08/2026,107-08-2026,Nambinina,47-56gr,339,Livré,F-20260807-054348,https://drive.google.com/file/d/1TEOXaTVdKJCp5aN9YgIt-DiYPBAcmolm/view?usp=drivesdk
07/08/2026,108-08-2026,Mercy Ships,61-63gr,500,Livré,F-20260807-072318,https://drive.google.com/file/d/1qoAwN90wijUFzeOQjU-AcfyAMepz_PFK/view?usp=drivesdk